member_id,card_tier,tenure_days,signup_date,engagement_propensity
M00000,Platinum,328,2025-08-29,0.15784085149944235
M00001,Gold,1407,2022-09-15,0.5298115439843974
M00002,Gold,1250,2023-02-19,0.35039129207902125
M00003,Gold,520,2025-02-18,0.13323762617821636
M00004,Platinum,241,2025-11-24,0.6572043256591775
M00005,Platinum,505,2025-03-05,0.2705978714913083
M00006,Platinum,47,2026-06-06,0.18158980919783793
M00007,Gold,406,2025-06-12,0.5619785881285826
M00008,Gold,209,2025-12-26,0.09447631079545801
M00009,Gold,143,2026-03-02,0.4876026827640238
M00010,Gold,32,2026-06-21,0.4490672140055949
M00011,Gold,308,2025-09-18,0.7546010709426965
M00012,Gold,54,2026-05-30,0.3659696172985247
M00013,Gold,53,2026-05-31,0.26755326436227744
M00014,Platinum,281,2025-10-15,0.41375287273430084
M00015,Gold,710,2024-08-12,0.25249283616527607
M00016,Gold,1001,2023-10-26,0.5767053245381507
M00017,Platinum,390,2025-06-28,0.4466059122572963
M00018,Platinum,1666,2021-12-30,0.5440948147251506
M00019,Gold,56,2026-05-28,0.2997950109100793
M00020,Platinum,702,2024-08-20,0.3860745470348627
M00021,Platinum,542,2025-01-27,0.29685330414082756
M00022,Gold,1192,2023-04-18,0.015590494027415818
M00023,Gold,288,2025-10-08,0.3025117856919123
M00024,Centurion,316,2025-09-10,0.6833981516718347
M00025,Gold,26,2026-06-27,0.1616891895186843
M00026,Gold,1672,2021-12-24,0.33581904702633375
M00027,Gold,194,2026-01-10,0.46937168872586077
M00028,Platinum,320,2025-09-06,0.427574287528859
M00029,Platinum,1262,2023-02-07,0.27137857554058564
M00030,Platinum,792,2024-05-22,0.44268028189332626
M00031,Platinum,134,2026-03-11,0.10835061329829057
M00032,Gold,291,2025-10-05,0.25303765448044974
M00033,Centurion,567,2025-01-02,0.1006812023256057
M00034,Gold,1614,2022-02-20,0.07464082043098946
M00035,Platinum,1591,2022-03-15,0.38060552006998577
M00036,Platinum,123,2026-03-22,0.31469048185470405
M00037,Platinum,762,2024-06-21,0.6065124149754494
M00038,Platinum,871,2024-03-04,0.41828023110118906
M00039,Platinum,1324,2022-12-07,0.2943441034831767
M00040,Platinum,215,2025-12-20,0.5729339036295289
M00041,Gold,488,2025-03-22,0.11844279281886627
M00042,Gold,230,2025-12-05,0.4128007162320117
M00043,Gold,2154,2020-08-29,0.257987285542402
M00044,Gold,391,2025-06-27,0.21680638757268508
M00045,Gold,266,2025-10-30,0.6391433783830215
M00046,Gold,590,2024-12-10,0.5609887919774049
M00047,Gold,511,2025-02-27,0.3705023440680356
M00048,Platinum,311,2025-09-15,0.6352315822757852
M00049,Gold,1711,2021-11-15,0.34768973897114863
M00050,Gold,288,2025-10-08,0.47426488152186314
M00051,Gold,438,2025-05-11,0.16623665172098528
M00052,Gold,26,2026-06-27,0.18515222558885278
M00053,Centurion,1028,2023-09-29,0.43612036232038465
M00054,Platinum,530,2025-02-08,0.26048095042556646
M00055,Platinum,508,2025-03-02,0.6334631211307831
M00056,Gold,57,2026-05-27,0.65500211802072
M00057,Platinum,119,2026-03-26,0.42007489060210107
M00058,Gold,229,2025-12-06,0.40270006694571114
M00059,Gold,380,2025-07-08,0.47636570315145965
M00060,Centurion,86,2026-04-28,0.28367399616748007
M00061,Platinum,473,2025-04-06,0.7050993763579887
M00062,Platinum,669,2024-09-22,0.1740886979887981
M00063,Platinum,489,2025-03-21,0.45423841603099413
M00064,Platinum,719,2024-08-03,0.376582093569171
M00065,Platinum,343,2025-08-14,0.18873887753816063
M00066,Gold,341,2025-08-16,0.2695019475620189
M00067,Gold,16,2026-07-07,0.19076925556975333
M00068,Gold,693,2024-08-29,0.3685770406917377
M00069,Gold,136,2026-03-09,0.42727592728166114
M00070,Gold,325,2025-09-01,0.15741528778400207
M00071,Centurion,392,2025-06-26,0.41306797127409
M00072,Platinum,492,2025-03-18,0.19206271100827363
M00073,Gold,7,2026-07-16,0.4630454473465894
M00074,Platinum,699,2024-08-23,0.11438213364147631
M00075,Gold,977,2023-11-19,0.40520835920194404
M00076,Centurion,41,2026-06-12,0.5757231129542072
M00077,Gold,61,2026-05-23,0.6758855568205978
M00078,Gold,3020,2018-04-16,0.28288736016258514
M00079,Gold,2988,2018-05-18,0.4039885827417577
M00080,Platinum,572,2024-12-28,0.38960433256622046
M00081,Gold,40,2026-06-13,0.33963364219692443
M00082,Platinum,612,2024-11-18,0.4646078967446386
M00083,Platinum,177,2026-01-27,0.20722809524199526
M00084,Gold,564,2025-01-05,0.16730003497249468
M00085,Gold,424,2025-05-25,0.3402040439201064
M00086,Centurion,230,2025-12-05,0.4347409199763445
M00087,Gold,227,2025-12-08,0.8709581839107561
M00088,Gold,56,2026-05-28,0.6404508265568497
M00089,Gold,808,2024-05-06,0.6770920397987139
M00090,Gold,1407,2022-09-15,0.676356159824408
M00091,Platinum,3054,2018-03-13,0.1932517814443421
M00092,Platinum,1275,2023-01-25,0.05372492227643431
M00093,Gold,1400,2022-09-22,0.37881589727092807
M00094,Gold,1326,2022-12-05,0.6136338526069225
M00095,Gold,652,2024-10-09,0.6939039710778242
M00096,Centurion,84,2026-04-30,0.20824910108707387
M00097,Gold,1338,2022-11-23,0.47281746918902084
M00098,Centurion,100,2026-04-14,0.5028691648592731
M00099,Platinum,10,2026-07-13,0.8304722184404253
M00100,Gold,1641,2022-01-24,0.8080512124300797
M00101,Platinum,681,2024-09-10,0.10208780360226652
M00102,Platinum,474,2025-04-05,0.7922970604930837
M00103,Gold,96,2026-04-18,0.6083413801668794
M00104,Gold,1589,2022-03-17,0.7328739705589424
M00105,Platinum,29,2026-06-24,0.40562908937617786
M00106,Gold,89,2026-04-25,0.14959251752105518
M00107,Gold,820,2024-04-24,0.23217739653972053
M00108,Gold,44,2026-06-09,0.630018292889619
M00109,Centurion,164,2026-02-09,0.7708189222740056
M00110,Platinum,434,2025-05-15,0.6903597101929799
M00111,Gold,531,2025-02-07,0.5200292134820446
M00112,Gold,219,2025-12-16,0.35686888046087195
M00113,Gold,277,2025-10-19,0.5295483138523914
M00114,Centurion,63,2026-05-21,0.598624290179225
M00115,Platinum,95,2026-04-19,0.4393198920491532
M00116,Gold,308,2025-09-18,0.37153690355342034
M00117,Platinum,116,2026-03-29,0.33013840344182255
M00118,Platinum,133,2026-03-12,0.4472934218839129
M00119,Gold,1189,2023-04-21,0.3039487685371764
M00120,Platinum,569,2024-12-31,0.13404296245841546
M00121,Gold,273,2025-10-23,0.5210839818716807
M00122,Platinum,660,2024-10-01,0.5892744526709724
M00123,Gold,532,2025-02-06,0.5768721053929112
M00124,Gold,3220,2017-09-28,0.4036201459914496
M00125,Gold,999,2023-10-28,0.8979256327365919
M00126,Gold,1856,2021-06-23,0.22040970113238278
M00127,Centurion,48,2026-06-05,0.26058301602980005
M00128,Platinum,1110,2023-07-09,0.4806403682841007
M00129,Platinum,765,2024-06-18,0.228128397762136
M00130,Gold,1187,2023-04-23,0.42848010727170843
M00131,Gold,963,2023-12-03,0.03779886022671849
M00132,Platinum,548,2025-01-21,0.4882236781108714
M00133,Centurion,691,2024-08-31,0.3879288992147903
M00134,Gold,533,2025-02-05,0.37850631244194416
M00135,Gold,199,2026-01-05,0.4462165979703477
M00136,Gold,1465,2022-07-19,0.17298143503257557
M00137,Platinum,182,2026-01-22,0.20981428066946917
M00138,Platinum,547,2025-01-22,0.7614350829803552
M00139,Gold,612,2024-11-18,0.21886120170459747
M00140,Gold,617,2024-11-13,0.4045579886874419
M00141,Gold,1882,2021-05-28,0.32852595457416006
M00142,Gold,115,2026-03-30,0.6589158452420548
M00143,Platinum,1906,2021-05-04,0.8018001863869977
M00144,Gold,1278,2023-01-22,0.13923630541269566
M00145,Gold,39,2026-06-14,0.6467786179763814
M00146,Gold,1766,2021-09-21,0.05553157305279535
M00147,Platinum,178,2026-01-26,0.26350493745715153
M00148,Gold,380,2025-07-08,0.2163677039261098
M00149,Gold,9,2026-07-14,0.09608849932797929
M00150,Centurion,4000,2015-08-10,0.2625405992740141
M00151,Platinum,164,2026-02-09,0.5042709904654158
M00152,Gold,447,2025-05-02,0.1577195066352744
M00153,Gold,358,2025-07-30,0.3748680716067875
M00154,Gold,327,2025-08-30,0.7430538298490044
M00155,Gold,118,2026-03-27,0.37446752782948595
M00156,Gold,183,2026-01-21,0.4222427459244114
M00157,Platinum,190,2026-01-14,0.39570361667642795
M00158,Gold,1241,2023-02-28,0.7829793723921922
M00159,Gold,1586,2022-03-20,0.6586305011833474
M00160,Gold,1190,2023-04-20,0.25301183957414564
M00161,Platinum,218,2025-12-17,0.06961488393786573
M00162,Gold,244,2025-11-21,0.5549424549687826
M00163,Centurion,15,2026-07-08,0.7403050260641204
M00164,Platinum,105,2026-04-09,0.14873565330598748
M00165,Gold,1719,2021-11-07,0.5857268478948885
M00166,Gold,737,2024-07-16,0.23796840268359506
M00167,Platinum,1611,2022-02-23,0.30440566846396605
M00168,Gold,134,2026-03-11,0.2587860479438781
M00169,Gold,33,2026-06-20,0.595645425113133
M00170,Centurion,197,2026-01-07,0.1920993912304668
M00171,Platinum,246,2025-11-19,0.323931432642999
M00172,Gold,212,2025-12-23,0.5079721865646692
M00173,Platinum,284,2025-10-12,0.26740531912716403
M00174,Platinum,399,2025-06-19,0.5910196212074033
M00175,Gold,222,2025-12-13,0.5983376228303784
M00176,Gold,102,2026-04-12,0.5678708651011141
M00177,Gold,1444,2022-08-09,0.27385134999848637
M00178,Gold,1324,2022-12-07,0.5754285557730588
M00179,Gold,28,2026-06-25,0.43070397199137467
M00180,Platinum,1729,2021-10-28,0.49773895387579536
M00181,Platinum,450,2025-04-29,0.3854888422841053
M00182,Centurion,26,2026-06-27,0.1077250188267858
M00183,Gold,834,2024-04-10,0.7265962106957558
M00184,Gold,542,2025-01-27,0.16783870072124987
M00185,Gold,669,2024-09-22,0.26947081213853935
M00186,Platinum,4000,2015-08-10,0.6908554903296251
M00187,Gold,691,2024-08-31,0.16575689367953236
M00188,Gold,190,2026-01-14,0.4566573822415586
M00189,Gold,186,2026-01-18,0.3459034978258776
M00190,Gold,172,2026-02-01,0.4881150093119766
M00191,Gold,440,2025-05-09,0.4285536042063098
M00192,Gold,503,2025-03-07,0.5557716462766109
M00193,Centurion,1058,2023-08-30,0.14959013785014555
M00194,Gold,116,2026-03-29,0.3817806354547449
M00195,Platinum,629,2024-11-01,0.3383622151866185
M00196,Platinum,2180,2020-08-03,0.24935500397934537
M00197,Gold,63,2026-05-21,0.7793812508166503
M00198,Centurion,479,2025-03-31,0.1831255703110454
M00199,Platinum,1333,2022-11-28,0.06427988052334835
M00200,Centurion,299,2025-09-27,0.5768889058897106
M00201,Centurion,1117,2023-07-02,0.3552388995997746
M00202,Platinum,797,2024-05-17,0.5807168586905391
M00203,Gold,1438,2022-08-15,0.496254451033005
M00204,Gold,952,2023-12-14,0.3533748873259656
M00205,Gold,4,2026-07-19,0.42808908200779217
M00206,Gold,210,2025-12-25,0.2256042842758837
M00207,Gold,1001,2023-10-26,0.43782413114514146
M00208,Gold,1882,2021-05-28,0.4092846966181957
M00209,Centurion,250,2025-11-15,0.43794331993918195
M00210,Gold,678,2024-09-13,0.21670788887289053
M00211,Platinum,15,2026-07-08,0.14936069293261195
M00212,Gold,413,2025-06-05,0.5856138760604537
M00213,Gold,828,2024-04-16,0.319376050708846
M00214,Centurion,223,2025-12-12,0.30941851857975866
M00215,Centurion,380,2025-07-08,0.25601871675033405
M00216,Platinum,1571,2022-04-04,0.3457476819376219
M00217,Platinum,321,2025-09-05,0.2403710093964105
M00218,Gold,1420,2022-09-02,0.4063079266873821
M00219,Gold,688,2024-09-03,0.32585166275463107
M00220,Centurion,87,2026-04-27,0.5771506304076752
M00221,Platinum,473,2025-04-06,0.5191577900424403
M00222,Gold,260,2025-11-05,0.3369414541768407
M00223,Platinum,457,2025-04-22,0.07723669711089302
M00224,Gold,1059,2023-08-29,0.4707812982582341
M00225,Platinum,3022,2018-04-14,0.5833486749966755
M00226,Gold,574,2024-12-26,0.22053469664727032
M00227,Platinum,57,2026-05-27,0.2331795368985895
M00228,Gold,1128,2023-06-21,0.35590055608816235
M00229,Centurion,858,2024-03-17,0.5001790295937533
M00230,Gold,876,2024-02-28,0.17387714114974048
M00231,Gold,1576,2022-03-30,0.5719257249766343
M00232,Platinum,523,2025-02-15,0.2903797819183135
M00233,Platinum,121,2026-03-24,0.27326464045187676
M00234,Gold,140,2026-03-05,0.3435031441474919
M00235,Gold,889,2024-02-15,0.37441378308364837
M00236,Platinum,52,2026-06-01,0.5849585715212187
M00237,Gold,387,2025-07-01,0.11615832479969934
M00238,Platinum,904,2024-01-31,0.812182484259144
M00239,Platinum,1704,2021-11-22,0.14925803341661947
M00240,Gold,98,2026-04-16,0.5627556290490652
M00241,Platinum,198,2026-01-06,0.24166279812562383
M00242,Gold,629,2024-11-01,0.009189117884329892
M00243,Centurion,748,2024-07-05,0.441020236177205
M00244,Gold,423,2025-05-26,0.8117149551009085
M00245,Platinum,394,2025-06-24,0.25331618143546664
M00246,Gold,128,2026-03-17,0.4126362699385629
M00247,Gold,1301,2022-12-30,0.4453112189950715
M00248,Platinum,83,2026-05-01,0.4206755836063657
M00249,Gold,28,2026-06-25,0.1862719971867775
M00250,Gold,495,2025-03-15,0.3503899214521536
M00251,Platinum,424,2025-05-25,0.23081620042474627
M00252,Gold,21,2026-07-02,0.514454770741643
M00253,Gold,2452,2019-11-05,0.5987388295661991
M00254,Centurion,136,2026-03-09,0.6799942491061405
M00255,Centurion,1422,2022-08-31,0.5424723359094764
M00256,Gold,752,2024-07-01,0.6997697872476625
M00257,Gold,4000,2015-08-10,0.4479209976984324
M00258,Gold,1067,2023-08-21,0.3652377065406486
M00259,Centurion,277,2025-10-19,0.3654698637662676
M00260,Platinum,400,2025-06-18,0.489074184309423
M00261,Platinum,274,2025-10-22,0.09609077739608964
M00262,Gold,416,2025-06-02,0.427780870179949
M00263,Gold,647,2024-10-14,0.3724398330403014
M00264,Platinum,1393,2022-09-29,0.7680231840203792
M00265,Platinum,334,2025-08-23,0.2584195301779963
M00266,Platinum,1013,2023-10-14,0.760331832791324
M00267,Centurion,43,2026-06-10,0.5794843484121676
M00268,Platinum,207,2025-12-28,0.22476409952355428
M00269,Gold,261,2025-11-04,0.4221286579132843
M00270,Platinum,90,2026-04-24,0.699240461327238
M00271,Gold,864,2024-03-11,0.7519322887828986
M00272,Platinum,462,2025-04-17,0.5573574221358621
M00273,Centurion,2116,2020-10-06,0.38916002626111573
M00274,Gold,166,2026-02-07,0.2552081581109309
M00275,Gold,305,2025-09-21,0.44105069202446273
M00276,Gold,385,2025-07-03,0.5026164897401101
M00277,Platinum,618,2024-11-12,0.18070092557079828
M00278,Gold,70,2026-05-14,0.30262651919316835
M00279,Platinum,184,2026-01-20,0.6535645134990887
M00280,Platinum,102,2026-04-12,0.891075690291813
M00281,Gold,825,2024-04-19,0.2850145810425212
M00282,Platinum,62,2026-05-22,0.26844794418436757
M00283,Gold,512,2025-02-26,0.701034874998736
M00284,Gold,532,2025-02-06,0.12456510972763428
M00285,Centurion,438,2025-05-11,0.6053463793683108
M00286,Platinum,819,2024-04-25,0.5519384714215699
M00287,Gold,987,2023-11-09,0.26677698005368733
M00288,Gold,187,2026-01-17,0.4809689625688467
M00289,Gold,515,2025-02-23,0.49128546314953475
M00290,Gold,1224,2023-03-17,0.5050525890038772
M00291,Platinum,64,2026-05-20,0.5389374215300939
M00292,Platinum,414,2025-06-04,0.3605203580764617
M00293,Gold,3393,2017-04-08,0.37858046536202794
M00294,Platinum,1472,2022-07-12,0.29381266847404475
M00295,Platinum,59,2026-05-25,0.41339399604276594
M00296,Gold,2599,2019-06-11,0.24588270482049213
M00297,Gold,1792,2021-08-26,0.2553745189550351
M00298,Gold,488,2025-03-22,0.5424929806949895
M00299,Platinum,18,2026-07-05,0.19900863690376375
M00300,Centurion,396,2025-06-22,0.9299667290505761
M00301,Gold,716,2024-08-06,0.2560225866561957
M00302,Platinum,44,2026-06-09,0.6910970154229352
M00303,Platinum,41,2026-06-12,0.4706290774277626
M00304,Gold,45,2026-06-08,0.601838363582778
M00305,Gold,524,2025-02-14,0.7587875713868026
M00306,Gold,374,2025-07-14,0.24153929880605665
M00307,Platinum,376,2025-07-12,0.6043479320499681
M00308,Platinum,169,2026-02-04,0.6223424806724167
M00309,Platinum,424,2025-05-25,0.3828904152261323
M00310,Platinum,274,2025-10-22,0.6474155712375049
M00311,Gold,430,2025-05-19,0.40237616526247866
M00312,Gold,402,2025-06-16,0.5739778065356723
M00313,Gold,753,2024-06-30,0.36895766381202644
M00314,Platinum,511,2025-02-27,0.6206766195551108
M00315,Platinum,29,2026-06-24,0.7039324064569232
M00316,Gold,8,2026-07-15,0.5514261818354198
M00317,Platinum,301,2025-09-25,0.753771677637094
M00318,Gold,72,2026-05-12,0.6084519170218379
M00319,Centurion,60,2026-05-24,0.3986087657447141
M00320,Platinum,336,2025-08-21,0.21590802231876713
M00321,Centurion,722,2024-07-31,0.29590484885202945
M00322,Platinum,644,2024-10-17,0.43761925068389845
M00323,Platinum,95,2026-04-19,0.6631338321151272
M00324,Gold,664,2024-09-27,0.34070494612036184
M00325,Platinum,726,2024-07-27,0.625286933616887
M00326,Gold,1758,2021-09-29,0.6597550349143197
M00327,Centurion,912,2024-01-23,0.3451924871993497
M00328,Platinum,2924,2018-07-21,0.37967126030145487
M00329,Platinum,168,2026-02-05,0.5864392724515632
M00330,Platinum,624,2024-11-06,0.07311241468607838
M00331,Gold,1446,2022-08-07,0.5015132767325655
M00332,Platinum,6,2026-07-17,0.6771262930806287
M00333,Gold,359,2025-07-29,0.2145787749967696
M00334,Platinum,669,2024-09-22,0.46835001335308374
M00335,Platinum,3,2026-07-20,0.1791294090649556
M00336,Gold,277,2025-10-19,0.4269215350753655
M00337,Platinum,321,2025-09-05,0.70919528414569
M00338,Gold,347,2025-08-10,0.7522531614177457
M00339,Gold,307,2025-09-19,0.10050565723595192
M00340,Platinum,607,2024-11-23,0.4329053161269144
M00341,Gold,1144,2023-06-05,0.6076548508806646
M00342,Gold,42,2026-06-11,0.6717441875283333
M00343,Gold,509,2025-03-01,0.1983318941019359
M00344,Gold,64,2026-05-20,0.4418850757433051
M00345,Platinum,707,2024-08-15,0.5221005777389043
M00346,Centurion,338,2025-08-19,0.3923425335119302
M00347,Gold,285,2025-10-11,0.42641961421725066
M00348,Platinum,1977,2021-02-22,0.053466178438572834
M00349,Gold,144,2026-03-01,0.5482666279874832
M00350,Centurion,58,2026-05-26,0.3085187918554033
M00351,Gold,974,2023-11-22,0.19654516934401092
M00352,Centurion,198,2026-01-06,0.4831128371510062
M00353,Gold,418,2025-05-31,0.21867675572577075
M00354,Centurion,45,2026-06-08,0.2360168370844354
M00355,Gold,298,2025-09-28,0.17554768378091368
M00356,Centurion,37,2026-06-16,0.35598836548909585
M00357,Gold,207,2025-12-28,0.18886761689800016
M00358,Gold,2503,2019-09-15,0.22748733924458148
M00359,Gold,178,2026-01-26,0.3004626142681205
M00360,Platinum,85,2026-04-29,0.6214834762172861
M00361,Gold,548,2025-01-21,0.5954833974830103
M00362,Platinum,2039,2020-12-22,0.13348257534755997
M00363,Gold,551,2025-01-18,0.5071720566044665
M00364,Gold,37,2026-06-16,0.2060086259387623
M00365,Platinum,280,2025-10-16,0.22518842290403257
M00366,Gold,1481,2022-07-03,0.257123768699385
M00367,Platinum,1034,2023-09-23,0.548410081554343
M00368,Gold,78,2026-05-06,0.48700781973869217
M00369,Centurion,2336,2020-02-29,0.6590679638622714
M00370,Gold,603,2024-11-27,0.5051980452888978
M00371,Platinum,533,2025-02-05,0.6112936501941926
M00372,Platinum,1362,2022-10-30,0.27579596439072823
M00373,Platinum,157,2026-02-16,0.17245607625217543
M00374,Gold,61,2026-05-23,0.38475612197789555
M00375,Gold,378,2025-07-10,0.15665354878654675
M00376,Platinum,123,2026-03-22,0.4312656333660767
M00377,Gold,1546,2022-04-29,0.4753624645266452
M00378,Gold,1196,2023-04-14,0.6158001679041322
M00379,Platinum,1206,2023-04-04,0.07915480159579434
M00380,Platinum,285,2025-10-11,0.6200413849115988
M00381,Gold,191,2026-01-13,0.45906590323395147
M00382,Gold,737,2024-07-16,0.06649453801888844
M00383,Gold,2707,2019-02-23,0.18855167320266594
M00384,Gold,811,2024-05-03,0.24902396033937518
M00385,Gold,720,2024-08-02,0.20196812230265124
M00386,Gold,23,2026-06-30,0.7641864152690938
M00387,Gold,1016,2023-10-11,0.34813463004715883
M00388,Centurion,777,2024-06-06,0.19440896514655226
M00389,Platinum,1399,2022-09-23,0.6155631845472761
M00390,Centurion,1751,2021-10-06,0.4349078058069754
M00391,Platinum,981,2023-11-15,0.6675422849474838
M00392,Gold,231,2025-12-04,0.5176154821754725
M00393,Gold,71,2026-05-13,0.2678991936726254
M00394,Gold,638,2024-10-23,0.21463977895245376
M00395,Gold,1632,2022-02-02,0.14690282808271277
M00396,Gold,143,2026-03-02,0.5519180480297796
M00397,Platinum,611,2024-11-19,0.2567120552570175
M00398,Platinum,1246,2023-02-23,0.5396533273945385
M00399,Gold,1478,2022-07-06,0.9166435709654156
M00400,Gold,399,2025-06-19,0.38113282372948365
M00401,Gold,653,2024-10-08,0.23809081019519537
M00402,Gold,502,2025-03-08,0.5541173046931988
M00403,Centurion,2104,2020-10-18,0.03222034359268258
M00404,Platinum,51,2026-06-02,0.7111737820278102
M00405,Gold,105,2026-04-09,0.12056436065084797
M00406,Gold,230,2025-12-05,0.3996603353316487
M00407,Gold,173,2026-01-31,0.43312867658670606
M00408,Platinum,594,2024-12-06,0.20744484573097655
M00409,Gold,63,2026-05-21,0.39863869632270205
M00410,Platinum,1451,2022-08-02,0.28795881486816577
M00411,Platinum,383,2025-07-05,0.2344896710238602
M00412,Platinum,259,2025-11-06,0.4533388039454939
M00413,Gold,85,2026-04-29,0.6784873051162581
M00414,Gold,380,2025-07-08,0.2003042801899933
M00415,Gold,794,2024-05-20,0.3676518162641759
M00416,Gold,1711,2021-11-15,0.33616532245662983
M00417,Gold,1629,2022-02-05,0.6865730829020161
M00418,Platinum,383,2025-07-05,0.15506998668059271
M00419,Gold,91,2026-04-23,0.17344835454882263
M00420,Gold,1307,2022-12-24,0.10099816731639119
M00421,Platinum,256,2025-11-09,0.13448651016227023
M00422,Gold,1364,2022-10-28,0.6731326280686688
M00423,Platinum,324,2025-09-02,0.1630931923133063
M00424,Gold,127,2026-03-18,0.7218626536252304
M00425,Gold,726,2024-07-27,0.3875700878126267
M00426,Platinum,260,2025-11-05,0.6401513175982173
M00427,Gold,3098,2018-01-28,0.7158920826406764
M00428,Platinum,19,2026-07-04,0.47624417670828484
M00429,Platinum,22,2026-07-01,0.4985425171343738
M00430,Gold,1612,2022-02-22,0.6512231725727327
M00431,Gold,646,2024-10-15,0.44244602944040484
M00432,Gold,291,2025-10-05,0.4373250226594707
M00433,Centurion,1004,2023-10-23,0.4537401496812135
M00434,Gold,151,2026-02-22,0.4925723853020627
M00435,Gold,571,2024-12-29,0.380630551901163
M00436,Gold,688,2024-09-03,0.38608735994647586
M00437,Platinum,678,2024-09-13,0.6120405615089072
M00438,Gold,548,2025-01-21,0.3292076582265891
M00439,Platinum,98,2026-04-16,0.6220484028297821
M00440,Platinum,1467,2022-07-17,0.338258858139009
M00441,Centurion,462,2025-04-17,0.4491713146889242
M00442,Platinum,159,2026-02-14,0.5578268630015599
M00443,Centurion,602,2024-11-28,0.33563945875506324
M00444,Platinum,596,2024-12-04,0.6099992025487009
M00445,Platinum,1504,2022-06-10,0.49231109437976384
M00446,Platinum,897,2024-02-07,0.3716937859985685
M00447,Gold,1142,2023-06-07,0.1616190671993607
M00448,Platinum,10,2026-07-13,0.4021114558118767
M00449,Gold,980,2023-11-16,0.35134048388888645
M00450,Platinum,665,2024-09-26,0.641890479802057
M00451,Platinum,365,2025-07-23,0.5101612199412824
M00452,Gold,2065,2020-11-26,0.3236605789045168
M00453,Gold,55,2026-05-29,0.39869621873118793
M00454,Gold,52,2026-06-01,0.7034494208092629
M00455,Platinum,1138,2023-06-11,0.1682754051269378
M00456,Platinum,452,2025-04-27,0.33805884216554094
M00457,Gold,310,2025-09-16,0.36293289497631454
M00458,Platinum,52,2026-06-01,0.12758398959803402
M00459,Gold,1140,2023-06-09,0.2526474906235343
M00460,Gold,221,2025-12-14,0.08498167180155052
M00461,Gold,39,2026-06-14,0.1413301182555615
M00462,Gold,33,2026-06-20,0.7112785131638774
M00463,Gold,2,2026-07-21,0.6668093106749643
M00464,Gold,312,2025-09-14,0.5895492029498777
M00465,Gold,1557,2022-04-18,0.5525892901684796
M00466,Gold,65,2026-05-19,0.1764947118205286
M00467,Platinum,851,2024-03-24,0.3828799850627536
M00468,Platinum,2107,2020-10-15,0.11802363123103934
M00469,Gold,723,2024-07-30,0.4278015138374119
M00470,Gold,396,2025-06-22,0.149889667558238
M00471,Gold,37,2026-06-16,0.16488006137937683
M00472,Gold,166,2026-02-07,0.13662808615667466
M00473,Gold,792,2024-05-22,0.0778758911052373
M00474,Gold,939,2023-12-27,0.7769398528487447
M00475,Centurion,155,2026-02-18,0.25268422408000935
M00476,Platinum,82,2026-05-02,0.08810917817801091
M00477,Platinum,333,2025-08-24,0.5070180973246455
M00478,Platinum,529,2025-02-09,0.36825131010757056
M00479,Platinum,512,2025-02-26,0.10193779601233147
M00480,Gold,515,2025-02-23,0.31529442056454693
M00481,Gold,243,2025-11-22,0.22857857142028304
M00482,Gold,0,2026-07-23,0.765015963677092
M00483,Platinum,16,2026-07-07,0.38120389719526254
M00484,Platinum,355,2025-08-02,0.33595515749586047
M00485,Centurion,463,2025-04-16,0.18459721807804355
M00486,Gold,2001,2021-01-29,0.47206573027083404
M00487,Platinum,178,2026-01-26,0.3601917834081415
M00488,Gold,604,2024-11-26,0.5018888897275928
M00489,Platinum,784,2024-05-30,0.4292832625033509
M00490,Gold,444,2025-05-05,0.3584479479687281
M00491,Gold,5,2026-07-18,0.4986444453447546
M00492,Gold,796,2024-05-18,0.3087916331316859
M00493,Gold,553,2025-01-16,0.5097726253558642
M00494,Gold,1298,2023-01-02,0.27960066050649873
M00495,Platinum,2264,2020-05-11,0.7288963830882067
M00496,Gold,630,2024-10-31,0.4427899582504766
M00497,Gold,1101,2023-07-18,0.33443275463012906
M00498,Gold,123,2026-03-22,0.5498936812378695
M00499,Gold,768,2024-06-15,0.3360776718766194
M00500,Platinum,8,2026-07-15,0.3628201429261157
M00501,Gold,704,2024-08-18,0.24379378455208234
M00502,Gold,70,2026-05-14,0.3035909870250659
M00503,Platinum,88,2026-04-26,0.21466502424123057
M00504,Gold,32,2026-06-21,0.5862197766933638
M00505,Platinum,1754,2021-10-03,0.04724261529572767
M00506,Gold,581,2024-12-19,0.7896910718822614
M00507,Gold,1752,2021-10-05,0.5475397960356797
M00508,Gold,25,2026-06-28,0.4525347282359387
M00509,Gold,609,2024-11-21,0.8722330928370066
M00510,Gold,232,2025-12-03,0.5654754339018315
M00511,Gold,380,2025-07-08,0.20148702468684437
M00512,Platinum,626,2024-11-04,0.44399534323009915
M00513,Gold,51,2026-06-02,0.27001242975584167
M00514,Platinum,744,2024-07-09,0.18131661601861518
M00515,Platinum,387,2025-07-01,0.5113765185344111
M00516,Gold,377,2025-07-11,0.4041525683613889
M00517,Gold,183,2026-01-21,0.1443099092275671
M00518,Gold,1320,2022-12-11,0.3116729718823438
M00519,Gold,1187,2023-04-23,0.11654202864959641
M00520,Centurion,2933,2018-07-12,0.18940875607450397
M00521,Gold,57,2026-05-27,0.1578348841667441
M00522,Platinum,613,2024-11-17,0.747520693315538
M00523,Platinum,996,2023-10-31,0.2816321073067453
M00524,Platinum,1891,2021-05-19,0.42900372899248956
M00525,Platinum,830,2024-04-14,0.43987282436566477
M00526,Centurion,152,2026-02-21,0.10026885273290623
M00527,Gold,2057,2020-12-04,0.7184301706925623
M00528,Gold,928,2024-01-07,0.3210902741917122
M00529,Gold,854,2024-03-21,0.3944045963180389
M00530,Gold,491,2025-03-19,0.4298833308339587
M00531,Platinum,563,2025-01-06,0.5100056607763835
M00532,Platinum,1435,2022-08-18,0.31014595693575553
M00533,Gold,593,2024-12-07,0.5769969777209968
M00534,Platinum,237,2025-11-28,0.26064618646089405
M00535,Platinum,923,2024-01-12,0.16640801521657397
M00536,Gold,282,2025-10-14,0.0739028459096147
M00537,Platinum,779,2024-06-04,0.41035677047549474
M00538,Platinum,74,2026-05-10,0.19787739780706715
M00539,Gold,48,2026-06-05,0.11753148851102765
M00540,Platinum,853,2024-03-22,0.37319756515650077
M00541,Centurion,160,2026-02-13,0.17867756487397846
M00542,Gold,2421,2019-12-06,0.21104142505474707
M00543,Gold,639,2024-10-22,0.6445739095090773
M00544,Gold,2346,2020-02-19,0.36819327563427895
M00545,Platinum,262,2025-11-03,0.41610628306402725
M00546,Centurion,78,2026-05-06,0.4670058197171413
M00547,Gold,845,2024-03-30,0.4702732120211993
M00548,Platinum,204,2025-12-31,0.3927214889781925
M00549,Gold,146,2026-02-27,0.4767640596272681
M00550,Platinum,965,2023-12-01,0.6417626825567136
M00551,Platinum,899,2024-02-05,0.14842054475055372
M00552,Gold,193,2026-01-11,0.5579572455441136
M00553,Platinum,199,2026-01-05,0.6368328524596479
M00554,Platinum,429,2025-05-20,0.11404015600671358
M00555,Platinum,2118,2020-10-04,0.4814775408508378
M00556,Gold,550,2025-01-19,0.29169024288937373
M00557,Centurion,515,2025-02-23,0.40719464350763845
M00558,Platinum,541,2025-01-28,0.25050803744032923
M00559,Gold,1083,2023-08-05,0.5673360071974616
M00560,Gold,390,2025-06-28,0.4282487676347139
M00561,Gold,1219,2023-03-22,0.4791079557687733
M00562,Gold,488,2025-03-22,0.2777661112106065
M00563,Gold,1012,2023-10-15,0.6001890683358705
M00564,Platinum,122,2026-03-23,0.44685027823497725
M00565,Platinum,1177,2023-05-03,0.23204311827108376
M00566,Gold,201,2026-01-03,0.6773269729356793
M00567,Centurion,1234,2023-03-07,0.4008579169353606
M00568,Platinum,276,2025-10-20,0.2536852473722284
M00569,Platinum,75,2026-05-09,0.3615988626905363
M00570,Platinum,1370,2022-10-22,0.7575119498742762
M00571,Gold,404,2025-06-14,0.34933568535801074
M00572,Platinum,828,2024-04-16,0.20456602294295637
M00573,Centurion,61,2026-05-23,0.7530703381385991
M00574,Gold,176,2026-01-28,0.34885646523160274
M00575,Platinum,347,2025-08-10,0.3529450293865974
M00576,Gold,392,2025-06-26,0.5555717223620338
M00577,Gold,485,2025-03-25,0.5146274487739269
M00578,Gold,85,2026-04-29,0.59508527640915
M00579,Platinum,824,2024-04-20,0.16270480014373084
M00580,Gold,496,2025-03-14,0.34765552522515974
M00581,Platinum,693,2024-08-29,0.2146263648331797
M00582,Platinum,1205,2023-04-05,0.9102960888617472
M00583,Gold,420,2025-05-29,0.479145626817194
M00584,Platinum,1139,2023-06-10,0.4143895618224848
M00585,Gold,2410,2019-12-17,0.6408219619466334
M00586,Gold,1140,2023-06-09,0.6070210987985332
M00587,Platinum,326,2025-08-31,0.3402560872448041
M00588,Gold,748,2024-07-05,0.05378452925529108
M00589,Gold,1142,2023-06-07,0.7894841696064757
M00590,Platinum,613,2024-11-17,0.30256828877802533
M00591,Gold,105,2026-04-09,0.31485945874494065
M00592,Gold,151,2026-02-22,0.45427649739092996
M00593,Platinum,636,2024-10-25,0.3964567870458156
M00594,Gold,119,2026-03-26,0.7023004544791013
M00595,Platinum,263,2025-11-02,0.601945650121921
M00596,Platinum,495,2025-03-15,0.12393570917130886
M00597,Gold,1207,2023-04-03,0.39322335613486714
M00598,Gold,214,2025-12-21,0.760734498311979
M00599,Centurion,148,2026-02-25,0.502999446501464
M00600,Gold,759,2024-06-24,0.10123005131793521
M00601,Platinum,64,2026-05-20,0.6810836077227684
M00602,Gold,210,2025-12-25,0.0847676331226596
M00603,Platinum,27,2026-06-26,0.377299492056619
M00604,Platinum,275,2025-10-21,0.39852917345908145
M00605,Platinum,48,2026-06-05,0.3919612418246945
M00606,Gold,4000,2015-08-10,0.5076607694414489
M00607,Platinum,15,2026-07-08,0.25240246180344256
M00608,Gold,743,2024-07-10,0.43796761386424204
M00609,Gold,1270,2023-01-30,0.2591490796689236
M00610,Platinum,618,2024-11-12,0.33377374110182073
M00611,Gold,181,2026-01-23,0.25071602816458105
M00612,Platinum,3803,2016-02-23,0.4930673261675526
M00613,Gold,38,2026-06-15,0.7469450759237141
M00614,Gold,1989,2021-02-10,0.6075190328365444
M00615,Gold,732,2024-07-21,0.31097973446813965
M00616,Platinum,138,2026-03-07,0.14896274071090382
M00617,Gold,130,2026-03-15,0.5150203850416747
M00618,Platinum,2269,2020-05-06,0.057214017616849126
M00619,Gold,595,2024-12-05,0.48578904775456316
M00620,Gold,306,2025-09-20,0.25374513719966185
M00621,Gold,1501,2022-06-13,0.13416951174479727
M00622,Gold,153,2026-02-20,0.1929970797840093
M00623,Gold,1315,2022-12-16,0.4803986451908873
M00624,Gold,1188,2023-04-22,0.45323265817083497
M00625,Platinum,182,2026-01-22,0.42703315301757183
M00626,Gold,111,2026-04-03,0.6414027302616089
M00627,Gold,276,2025-10-20,0.3687585863476164
M00628,Gold,307,2025-09-19,0.37426470988094723
M00629,Platinum,1399,2022-09-23,0.44919918008415755
M00630,Centurion,580,2024-12-20,0.20535125850291466
M00631,Gold,108,2026-04-06,0.20205081421034252
M00632,Gold,430,2025-05-19,0.18550781694447477
M00633,Gold,597,2024-12-03,0.02940070941180673
M00634,Gold,540,2025-01-29,0.6531868974957861
M00635,Gold,947,2023-12-19,0.17301628462400132
M00636,Gold,1375,2022-10-17,0.45572577601730785
M00637,Gold,94,2026-04-20,0.027175503739751413
M00638,Gold,724,2024-07-29,0.9052820914431342
M00639,Gold,106,2026-04-08,0.6267219431649369
M00640,Centurion,141,2026-03-04,0.193868535323797
M00641,Platinum,592,2024-12-08,0.216242454751518
M00642,Platinum,63,2026-05-21,0.2436462845939321
M00643,Gold,781,2024-06-02,0.40905116381657075
M00644,Platinum,213,2025-12-22,0.29017307576708606
M00645,Gold,971,2023-11-25,0.8134903235842469
M00646,Platinum,466,2025-04-13,0.37063705306437666
M00647,Platinum,441,2025-05-08,0.33124007356658447
M00648,Gold,393,2025-06-25,0.3147026869864006
M00649,Gold,21,2026-07-02,0.29890436873536314
M00650,Gold,1690,2021-12-06,0.08027420649142678
M00651,Gold,560,2025-01-09,0.42869593243711973
M00652,Centurion,417,2025-06-01,0.4003169099059741
M00653,Gold,133,2026-03-12,0.2753277675430256
M00654,Platinum,93,2026-04-21,0.4859546784629844
M00655,Gold,1852,2021-06-27,0.1748547253583532
M00656,Gold,186,2026-01-18,0.5253093944029177
M00657,Platinum,661,2024-09-30,0.3074690090587156
M00658,Gold,1513,2022-06-01,0.45288086664617627
M00659,Gold,7,2026-07-16,0.13707664077605095
M00660,Platinum,261,2025-11-04,0.6373822279012415
M00661,Gold,294,2025-10-02,0.17768572249226677
M00662,Centurion,67,2026-05-17,0.5344289949226506
M00663,Gold,414,2025-06-04,0.46738356189275554
M00664,Platinum,973,2023-11-23,0.06931894104451744
M00665,Platinum,990,2023-11-06,0.5749992327229462
M00666,Platinum,1511,2022-06-03,0.6936578449449142
M00667,Gold,221,2025-12-14,0.5746386350790275
M00668,Gold,1244,2023-02-25,0.1732292897549627
M00669,Gold,475,2025-04-04,0.8335705110298932
M00670,Gold,86,2026-04-28,0.7205757529249601
M00671,Platinum,752,2024-07-01,0.4702543034186782
M00672,Centurion,1600,2022-03-06,0.5272719547096955
M00673,Gold,602,2024-11-28,0.2869203025810337
M00674,Platinum,752,2024-07-01,0.7831226832419899
M00675,Platinum,1195,2023-04-15,0.8069388061163252
M00676,Platinum,37,2026-06-16,0.47281933941514886
M00677,Centurion,204,2025-12-31,0.22167794499021384
M00678,Gold,454,2025-04-25,0.18340179785258565
M00679,Gold,164,2026-02-09,0.5529251970168284
M00680,Platinum,175,2026-01-29,0.00905874885815287
M00681,Gold,430,2025-05-19,0.43867095846154985
M00682,Gold,23,2026-06-30,0.6591938040577822
M00683,Gold,2481,2019-10-07,0.3763988047145909
M00684,Gold,86,2026-04-28,0.38961359518809535
M00685,Gold,306,2025-09-20,0.32050013675101924
M00686,Platinum,662,2024-09-29,0.39099365077737247
M00687,Gold,373,2025-07-15,0.41547010918064353
M00688,Gold,140,2026-03-05,0.6288007407117658
M00689,Platinum,569,2024-12-31,0.16466568030900697
M00690,Platinum,174,2026-01-30,0.23223398700855688
M00691,Gold,977,2023-11-19,0.7228560881028462
M00692,Platinum,1217,2023-03-24,0.6440554270832094
M00693,Centurion,395,2025-06-23,0.6196281331959138
M00694,Platinum,463,2025-04-16,0.34861213407120195
M00695,Platinum,28,2026-06-25,0.09657267209950765
M00696,Platinum,297,2025-09-29,0.2911138908345912
M00697,Centurion,3247,2017-09-01,0.15025992548543993
M00698,Gold,89,2026-04-25,0.5005522441769299
M00699,Gold,256,2025-11-09,0.3280804938375716
M00700,Platinum,379,2025-07-09,0.4667694999555544
M00701,Centurion,758,2024-06-25,0.4163991449168407
M00702,Platinum,1261,2023-02-08,0.3212292196744508
M00703,Gold,1826,2021-07-23,0.6434748301216272
M00704,Gold,612,2024-11-18,0.7015730393255203
M00705,Gold,621,2024-11-09,0.5490085948872998
M00706,Platinum,865,2024-03-10,0.501679095728204
M00707,Platinum,36,2026-06-17,0.45681287740238746
M00708,Gold,179,2026-01-25,0.8073111674845949
M00709,Gold,61,2026-05-23,0.8475485715774502
M00710,Platinum,351,2025-08-06,0.28374834123848075
M00711,Platinum,999,2023-10-28,0.21896529567817305
M00712,Centurion,367,2025-07-21,0.13057170182314035
M00713,Gold,718,2024-08-04,0.3690844736314318
M00714,Gold,192,2026-01-12,0.1948551015359491
M00715,Gold,354,2025-08-03,0.6732186702445965
M00716,Gold,220,2025-12-15,0.5166173221873435
M00717,Gold,1407,2022-09-15,0.29779826381704494
M00718,Gold,390,2025-06-28,0.16505336177832927
M00719,Gold,1907,2021-05-03,0.3905663954080605
M00720,Gold,11,2026-07-12,0.5012413120438985
M00721,Centurion,1404,2022-09-18,0.16836685512342184
M00722,Platinum,789,2024-05-25,0.2693416023220372
M00723,Platinum,392,2025-06-26,0.6582679165380307
M00724,Centurion,185,2026-01-19,0.6418411275241735
M00725,Centurion,98,2026-04-16,0.6466346689893208
M00726,Platinum,1850,2021-06-29,0.6386344996705092
M00727,Gold,209,2025-12-26,0.5627696297235318
M00728,Gold,134,2026-03-11,0.6461487183711028
M00729,Platinum,1547,2022-04-28,0.39688068015262673
M00730,Gold,65,2026-05-19,0.696495918850854
M00731,Platinum,108,2026-04-06,0.3103332150018196
M00732,Centurion,1613,2022-02-21,0.04399734177643446
M00733,Gold,245,2025-11-20,0.7132396720581221
M00734,Platinum,703,2024-08-19,0.151913301232408
M00735,Platinum,293,2025-10-03,0.1452203216333912
M00736,Gold,359,2025-07-29,0.5581621135938377
M00737,Gold,871,2024-03-04,0.2879102589610218
M00738,Gold,583,2024-12-17,0.3946411858927066
M00739,Gold,654,2024-10-07,0.26975961205190424
M00740,Platinum,71,2026-05-13,0.34995179959016354
M00741,Platinum,1447,2022-08-06,0.27701762915148254
M00742,Gold,255,2025-11-10,0.2933465911603531
M00743,Platinum,100,2026-04-14,0.5437174876069415
M00744,Gold,844,2024-03-31,0.19893475474763647
M00745,Centurion,675,2024-09-16,0.3112436187228538
M00746,Platinum,152,2026-02-21,0.06657603186166773
M00747,Platinum,62,2026-05-22,0.24385420993235862
M00748,Gold,186,2026-01-18,0.09263880230960625
M00749,Gold,257,2025-11-08,0.20944357171749575
M00750,Gold,717,2024-08-05,0.4010068136433148
M00751,Centurion,310,2025-09-16,0.35925964422309625
M00752,Gold,352,2025-08-05,0.7654638766009424
M00753,Gold,89,2026-04-25,0.4496197200460528
M00754,Centurion,290,2025-10-06,0.16065725817953788
M00755,Platinum,420,2025-05-29,0.43442289866011896
M00756,Gold,375,2025-07-13,0.7917123493123434
M00757,Gold,44,2026-06-09,0.4368367370557416
M00758,Gold,644,2024-10-17,0.04159794466472945
M00759,Gold,348,2025-08-09,0.5941555193531313
M00760,Platinum,562,2025-01-07,0.5160626954577118
M00761,Platinum,1137,2023-06-12,0.22662254883849825
M00762,Platinum,353,2025-08-04,0.29876643566078787
M00763,Gold,633,2024-10-28,0.28943348937472707
M00764,Gold,453,2025-04-26,0.5056719043139745
M00765,Centurion,1979,2021-02-20,0.49735947881470727
M00766,Gold,2104,2020-10-18,0.7663413569413071
M00767,Platinum,405,2025-06-13,0.6174990135580852
M00768,Gold,1628,2022-02-06,0.4011133829981176
M00769,Centurion,1202,2023-04-08,0.3715361491529331
M00770,Platinum,566,2025-01-03,0.3966826431047309
M00771,Gold,374,2025-07-14,0.2316816292996885
M00772,Gold,687,2024-09-04,0.35335246123664593
M00773,Platinum,180,2026-01-24,0.5000756456722026
M00774,Platinum,142,2026-03-03,0.3057994042012656
M00775,Gold,501,2025-03-09,0.2351974738205847
M00776,Centurion,493,2025-03-17,0.29877656449685663
M00777,Centurion,1472,2022-07-12,0.2303421044739933
M00778,Gold,32,2026-06-21,0.19384395431737847
M00779,Gold,130,2026-03-15,0.5187193401092892
M00780,Platinum,310,2025-09-16,0.16529734161746057
M00781,Gold,337,2025-08-20,0.2680453523764913
M00782,Platinum,470,2025-04-09,0.5941346093670479
M00783,Gold,265,2025-10-31,0.5266241592509308
M00784,Gold,1117,2023-07-02,0.5921889414682154
M00785,Platinum,52,2026-06-01,0.6091848451325855
M00786,Centurion,192,2026-01-12,0.3362966488177602
M00787,Gold,368,2025-07-20,0.4176281354982915
M00788,Platinum,918,2024-01-17,0.17185979715598632
M00789,Gold,1409,2022-09-13,0.5678650996917672
M00790,Centurion,556,2025-01-13,0.4371217439179453
M00791,Gold,787,2024-05-27,0.4785295103570506
M00792,Platinum,462,2025-04-17,0.10135258939924277
M00793,Platinum,123,2026-03-22,0.034976508425668865
M00794,Gold,949,2023-12-17,0.47620865475561186
M00795,Platinum,211,2025-12-24,0.14931154658679766
M00796,Gold,659,2024-10-02,0.5043826368961334
M00797,Centurion,640,2024-10-21,0.6051551572630787
M00798,Gold,16,2026-07-07,0.526791737637344
M00799,Platinum,559,2025-01-10,0.2583982768987451
M00800,Gold,15,2026-07-08,0.277902325670794
M00801,Gold,1163,2023-05-17,0.37274998792317376
M00802,Platinum,139,2026-03-06,0.5222765045438098
M00803,Centurion,566,2025-01-03,0.10840191467318293
M00804,Gold,64,2026-05-20,0.37256950623855023
M00805,Gold,357,2025-07-31,0.2709516539191389
M00806,Gold,14,2026-07-09,0.5078300056370114
M00807,Gold,761,2024-06-22,0.707485946413151
M00808,Platinum,35,2026-06-18,0.598159848333466
M00809,Gold,104,2026-04-10,0.2335728342204098
M00810,Gold,993,2023-11-03,0.5175761404139589
M00811,Gold,2627,2019-05-14,0.11086237888251196
M00812,Gold,1016,2023-10-11,0.47025063101581577
M00813,Platinum,779,2024-06-04,0.694916607208562
M00814,Platinum,261,2025-11-04,0.2868445979655943
M00815,Gold,363,2025-07-25,0.43180675602346813
M00816,Platinum,323,2025-09-03,0.5243121373841715
M00817,Gold,466,2025-04-13,0.2705835227052972
M00818,Platinum,1458,2022-07-26,0.2460237214051196
M00819,Platinum,2030,2020-12-31,0.4592699856855042
M00820,Platinum,500,2025-03-10,0.03411227366696276
M00821,Gold,103,2026-04-11,0.16210689200872827
M00822,Platinum,1169,2023-05-11,0.1080514004272547
M00823,Platinum,854,2024-03-21,0.4943088879013224
M00824,Centurion,129,2026-03-16,0.558148897288144
M00825,Gold,338,2025-08-19,0.6390010885398487
M00826,Gold,892,2024-02-12,0.7183280232979731
M00827,Gold,1238,2023-03-03,0.5645635997842865
M00828,Platinum,1479,2022-07-05,0.5969076890900913
M00829,Platinum,33,2026-06-20,0.13214390679956955
M00830,Platinum,200,2026-01-04,0.4825091073868185
M00831,Gold,104,2026-04-10,0.2066401561708047
M00832,Gold,309,2025-09-17,0.27537960006646856
M00833,Gold,496,2025-03-14,0.36630128085535063
M00834,Platinum,375,2025-07-13,0.6679233114794865
M00835,Gold,732,2024-07-21,0.5837685889666903
M00836,Platinum,503,2025-03-07,0.8033498572877846
M00837,Gold,1774,2021-09-13,0.32121008384103256
M00838,Gold,173,2026-01-31,0.3751894178892458
M00839,Centurion,48,2026-06-05,0.41779541913478635
M00840,Gold,502,2025-03-08,0.36986317445921657
M00841,Platinum,82,2026-05-02,0.6589583467404786
M00842,Platinum,788,2024-05-26,0.5710069992999436
M00843,Platinum,1053,2023-09-04,0.4381108325158299
M00844,Platinum,983,2023-11-13,0.7162645475443201
M00845,Platinum,71,2026-05-13,0.11423610235510934
M00846,Gold,187,2026-01-17,0.1854623128119671
M00847,Gold,257,2025-11-08,0.3449986718774543
M00848,Platinum,567,2025-01-02,0.5537670888219559
M00849,Platinum,1649,2022-01-16,0.06180996177918025
M00850,Platinum,43,2026-06-10,0.33289139753285807
M00851,Gold,1070,2023-08-18,0.5898799383234423
M00852,Gold,1681,2021-12-15,0.5461305808779694
M00853,Platinum,2177,2020-08-06,0.5539425343517607
M00854,Centurion,9,2026-07-14,0.6245930531623255
M00855,Centurion,1198,2023-04-12,0.3258042197537345
M00856,Platinum,331,2025-08-26,0.8811144194809408
M00857,Gold,128,2026-03-17,0.7499513098788144
M00858,Gold,726,2024-07-27,0.6208917687913783
M00859,Platinum,373,2025-07-15,0.33059626589261204
M00860,Platinum,2066,2020-11-25,0.545897399788243
M00861,Gold,336,2025-08-21,0.15666182300795847
M00862,Platinum,110,2026-04-04,0.3213722057672435
M00863,Centurion,285,2025-10-11,0.78084636642434
M00864,Gold,635,2024-10-26,0.18500568527093927
M00865,Platinum,189,2026-01-15,0.7670185619416467
M00866,Gold,315,2025-09-11,0.2343913772867314
M00867,Gold,139,2026-03-06,0.7621541453402808
M00868,Gold,265,2025-10-31,0.5037715757546299
M00869,Gold,58,2026-05-26,0.4218516731417554
M00870,Platinum,4,2026-07-19,0.1973800183298975
M00871,Platinum,123,2026-03-22,0.24886308290320056
M00872,Gold,535,2025-02-03,0.3581589003822725
M00873,Gold,325,2025-09-01,0.1469386423637735
M00874,Platinum,636,2024-10-25,0.6429685411206524
M00875,Platinum,1761,2021-09-26,0.2400023440247355
M00876,Gold,1005,2023-10-22,0.18055936998444816
M00877,Centurion,315,2025-09-11,0.5114141128514946
M00878,Gold,351,2025-08-06,0.45077112433741046
M00879,Gold,967,2023-11-29,0.8066672067391586
M00880,Gold,552,2025-01-17,0.4029469767307699
M00881,Gold,170,2026-02-03,0.2980112947197246
M00882,Gold,521,2025-02-17,0.13477485497370958
M00883,Platinum,161,2026-02-12,0.48097721853133957
M00884,Centurion,911,2024-01-24,0.5359898903459067
M00885,Platinum,596,2024-12-04,0.7894177223407975
M00886,Gold,88,2026-04-26,0.6412855094291281
M00887,Gold,448,2025-05-01,0.2107285582196183
M00888,Gold,1049,2023-09-08,0.2791644556049398
M00889,Platinum,858,2024-03-17,0.6320754886051586
M00890,Platinum,29,2026-06-24,0.8071047122067374
M00891,Gold,400,2025-06-18,0.2953826718854754
M00892,Gold,906,2024-01-29,0.42489204517409646
M00893,Platinum,642,2024-10-19,0.492515804759718
M00894,Gold,910,2024-01-25,0.3808386329753676
M00895,Gold,769,2024-06-14,0.39359874306720327
M00896,Gold,284,2025-10-12,0.13176093323250287
M00897,Gold,62,2026-05-22,0.7783354071040975
M00898,Platinum,571,2024-12-29,0.5126339642906497
M00899,Platinum,278,2025-10-18,0.16843219864326864
M00900,Centurion,62,2026-05-22,0.19857509546796112
M00901,Gold,462,2025-04-17,0.5308876077731869
M00902,Centurion,492,2025-03-18,0.47822051750679206
M00903,Platinum,25,2026-06-28,0.2699364874700911
M00904,Gold,213,2025-12-22,0.2853152531380886
M00905,Platinum,592,2024-12-08,0.381305118888796
M00906,Platinum,73,2026-05-11,0.29022739003711945
M00907,Platinum,235,2025-11-30,0.7373973266264933
M00908,Gold,231,2025-12-04,0.007215068888934441
M00909,Platinum,553,2025-01-16,0.26574007907782665
M00910,Gold,506,2025-03-04,0.17510213982415374
M00911,Centurion,804,2024-05-10,0.19585874774840364
M00912,Gold,1017,2023-10-10,0.37537524526589805
M00913,Platinum,683,2024-09-08,0.6894697881709627
M00914,Platinum,1000,2023-10-27,0.4047847963314817
M00915,Gold,449,2025-04-30,0.33924010265151483
M00916,Platinum,442,2025-05-07,0.4500334953695077
M00917,Platinum,387,2025-07-01,0.18610059153944838
M00918,Platinum,63,2026-05-21,0.3728433337728285
M00919,Platinum,100,2026-04-14,0.6962548250266534
M00920,Platinum,225,2025-12-10,0.47529874292815866
M00921,Platinum,160,2026-02-13,0.5389715332207095
M00922,Platinum,232,2025-12-03,0.25392428422473023
M00923,Centurion,1425,2022-08-28,0.1810553604287747
M00924,Platinum,655,2024-10-06,0.3595340174850028
M00925,Gold,249,2025-11-16,0.5874177685568133
M00926,Gold,41,2026-06-12,0.09158586116376317
M00927,Platinum,845,2024-03-30,0.5918737385123017
M00928,Platinum,757,2024-06-26,0.36328975870808916
M00929,Gold,487,2025-03-23,0.2973611586916129
M00930,Gold,1398,2022-09-24,0.7153519230577755
M00931,Platinum,60,2026-05-24,0.24255753547117556
M00932,Gold,377,2025-07-11,0.297514623567164
M00933,Gold,39,2026-06-14,0.32291628298786956
M00934,Gold,1365,2022-10-27,0.2847737274053188
M00935,Centurion,1060,2023-08-28,0.130763220140945
M00936,Gold,1968,2021-03-03,0.15532950841522802
M00937,Centurion,865,2024-03-10,0.5168590286951638
M00938,Platinum,28,2026-06-25,0.5553731268715498
M00939,Gold,19,2026-07-04,0.4169533372854457
M00940,Platinum,453,2025-04-26,0.5776751542726181
M00941,Gold,668,2024-09-23,0.4494429931609411
M00942,Platinum,228,2025-12-07,0.2826386216563254
M00943,Platinum,405,2025-06-13,0.5548482381175633
M00944,Gold,252,2025-11-13,0.19762388583686524
M00945,Gold,1682,2021-12-14,0.4546657035342123
M00946,Centurion,208,2025-12-27,0.3385766450732077
M00947,Gold,237,2025-11-28,0.8974115141013569
M00948,Centurion,2654,2019-04-17,0.24606716339664383
M00949,Platinum,549,2025-01-20,0.3393163980841951
M00950,Platinum,324,2025-09-02,0.44761549926722594
M00951,Centurion,395,2025-06-23,0.0923499140292524
M00952,Centurion,293,2025-10-03,0.4935389118798299
M00953,Platinum,211,2025-12-24,0.23377472867832189
M00954,Gold,2387,2020-01-09,0.5723609219851145
M00955,Platinum,886,2024-02-18,0.434589727522161
M00956,Gold,1412,2022-09-10,0.32031813397348546
M00957,Gold,2379,2020-01-17,0.14088958942678806
M00958,Gold,223,2025-12-12,0.18540639547247448
M00959,Platinum,472,2025-04-07,0.22874952631307002
M00960,Platinum,370,2025-07-18,0.1818790633237655
M00961,Platinum,800,2024-05-14,0.5212180470800568
M00962,Platinum,46,2026-06-07,0.5587580504205257
M00963,Centurion,21,2026-07-02,0.7502662442171125
M00964,Gold,2144,2020-09-08,0.43356453451056226
M00965,Gold,550,2025-01-19,0.3055363566985672
M00966,Gold,370,2025-07-18,0.31536431814495075
M00967,Platinum,2624,2019-05-17,0.228790022389662
M00968,Platinum,266,2025-10-30,0.31703618471168526
M00969,Centurion,1304,2022-12-27,0.5841664424254641
M00970,Gold,846,2024-03-29,0.8313576731131483
M00971,Gold,1017,2023-10-10,0.2909282146880586
M00972,Platinum,908,2024-01-27,0.39115378377435855
M00973,Centurion,119,2026-03-26,0.859596650503157
M00974,Gold,284,2025-10-12,0.4486888415108306
M00975,Gold,511,2025-02-27,0.5549171797808945
M00976,Gold,140,2026-03-05,0.22447972703336389
M00977,Centurion,100,2026-04-14,0.19056208739268726
M00978,Gold,1046,2023-09-11,0.574711971422987
M00979,Gold,1258,2023-02-11,0.5330093064589346
M00980,Gold,24,2026-06-29,0.7122122603264815
M00981,Platinum,551,2025-01-18,0.1514324483264667
M00982,Gold,77,2026-05-07,0.4862356698052603
M00983,Gold,78,2026-05-06,0.5392549643732952
M00984,Platinum,54,2026-05-30,0.48079785488503785
M00985,Platinum,2005,2021-01-25,0.2158108259597823
M00986,Centurion,932,2024-01-03,0.36307583205425925
M00987,Gold,229,2025-12-06,0.43534049555240084
M00988,Platinum,2599,2019-06-11,0.4254569711047012
M00989,Gold,2831,2018-10-22,0.2598162800006217
M00990,Gold,1225,2023-03-16,0.1500622075163197
M00991,Gold,443,2025-05-06,0.33848016858040264
M00992,Gold,47,2026-06-06,0.34052571631891804
M00993,Gold,803,2024-05-11,0.4607541452512571
M00994,Centurion,93,2026-04-21,0.31081940226853755
M00995,Gold,1550,2022-04-25,0.37861051762755155
M00996,Gold,1205,2023-04-05,0.5629757597886835
M00997,Gold,195,2026-01-09,0.13037549618491137
M00998,Centurion,1202,2023-04-08,0.21649581422957392
M00999,Platinum,67,2026-05-17,0.2852078281706698
M01000,Gold,142,2026-03-03,0.5086592048702474
M01001,Platinum,35,2026-06-18,0.5517282328900794
M01002,Gold,635,2024-10-26,0.33308400880364275
M01003,Centurion,787,2024-05-27,0.46283274139894065
M01004,Gold,789,2024-05-25,0.14241175857594862
M01005,Gold,605,2024-11-25,0.5198245513592041
M01006,Gold,40,2026-06-13,0.431360951476806
M01007,Gold,263,2025-11-02,0.14849481356565863
M01008,Platinum,187,2026-01-17,0.5352605103311477
M01009,Gold,996,2023-10-31,0.5359753630458542
M01010,Platinum,185,2026-01-19,0.6156447580102758
M01011,Platinum,259,2025-11-06,0.2844297657578122
M01012,Platinum,203,2026-01-01,0.11418330382020299
M01013,Gold,748,2024-07-05,0.2525508274398536
M01014,Platinum,251,2025-11-14,0.46233355296969003
M01015,Gold,77,2026-05-07,0.3953146077249346
M01016,Gold,721,2024-08-01,0.28024585760279325
M01017,Platinum,791,2024-05-23,0.34237921972188345
M01018,Gold,425,2025-05-24,0.3552699616520611
M01019,Platinum,125,2026-03-20,0.33129378155500544
M01020,Gold,1062,2023-08-26,0.13919778066910055
M01021,Gold,403,2025-06-15,0.11984233046597884
M01022,Platinum,48,2026-06-05,0.4531950941694557
M01023,Gold,208,2025-12-27,0.5227413405872724
M01024,Gold,110,2026-04-04,0.2473999977425986
M01025,Centurion,634,2024-10-27,0.22623043019977662
M01026,Gold,215,2025-12-20,0.41341578256200456
M01027,Platinum,1109,2023-07-10,0.3137507623850987
M01028,Gold,332,2025-08-25,0.44092363715335225
M01029,Gold,376,2025-07-12,0.19549289932427216
M01030,Gold,89,2026-04-25,0.490643917077075
M01031,Gold,413,2025-06-05,0.4296013593986884
M01032,Platinum,709,2024-08-13,0.44346084803157376
M01033,Gold,450,2025-04-29,0.19862221899968358
M01034,Gold,1523,2022-05-22,0.8473794136040006
M01035,Platinum,109,2026-04-05,0.26199753569461043
M01036,Gold,269,2025-10-27,0.16018991608642974
M01037,Gold,1395,2022-09-27,0.6922998717075688
M01038,Gold,14,2026-07-09,0.06331536197916122
M01039,Gold,384,2025-07-04,0.14813628739600804
M01040,Platinum,1174,2023-05-06,0.11850624381969882
M01041,Gold,1240,2023-03-01,0.1615009403489572
M01042,Platinum,416,2025-06-02,0.13742880299524063
M01043,Gold,3805,2016-02-21,0.07337857502969392
M01044,Platinum,617,2024-11-13,0.6340809875699548
M01045,Gold,1724,2021-11-02,0.14031863943552497
M01046,Gold,548,2025-01-21,0.6253552558991977
M01047,Gold,414,2025-06-04,0.4254910384566261
M01048,Centurion,1828,2021-07-21,0.2344716572395642
M01049,Gold,2920,2018-07-25,0.770624074623635
M01050,Platinum,134,2026-03-11,0.11245650417197454
M01051,Platinum,783,2024-05-31,0.4956043058463697
M01052,Gold,199,2026-01-05,0.3852151117582549
M01053,Gold,231,2025-12-04,0.1739566225640753
M01054,Centurion,2358,2020-02-07,0.3138420554425931
M01055,Gold,1221,2023-03-20,0.3780749376293719
M01056,Gold,32,2026-06-21,0.07790487577865689
M01057,Gold,1165,2023-05-15,0.506676540487916
M01058,Platinum,462,2025-04-17,0.39401427162560987
M01059,Gold,1328,2022-12-03,0.4050655643636935
M01060,Centurion,539,2025-01-30,0.5417510603081069
M01061,Gold,31,2026-06-22,0.493916066722404
M01062,Gold,9,2026-07-14,0.02235029928954728
M01063,Platinum,807,2024-05-07,0.6344950386393177
M01064,Gold,731,2024-07-22,0.4270323190677694
M01065,Gold,2295,2020-04-10,0.23577261248391918
M01066,Platinum,1139,2023-06-10,0.19805139252612247
M01067,Gold,378,2025-07-10,0.7193437919685858
M01068,Gold,96,2026-04-18,0.2783404042534292
M01069,Centurion,1088,2023-07-31,0.43152797081221306
M01070,Gold,1448,2022-08-05,0.463089007350316
M01071,Gold,390,2025-06-28,0.41607939064278776
M01072,Platinum,493,2025-03-17,0.5192982439670832
M01073,Gold,537,2025-02-01,0.5169444833935096
M01074,Platinum,471,2025-04-08,0.6356121234592285
M01075,Platinum,473,2025-04-06,0.47571577904405754
M01076,Platinum,284,2025-10-12,0.3954617410491327
M01077,Platinum,256,2025-11-09,0.23380992023982602
M01078,Platinum,308,2025-09-18,0.07529266829917838
M01079,Gold,195,2026-01-09,0.5741714977633628
M01080,Gold,14,2026-07-09,0.6087341856426778
M01081,Gold,160,2026-02-13,0.5326074632725724
M01082,Gold,897,2024-02-07,0.3428464717620858
M01083,Gold,152,2026-02-21,0.1555540344257322
M01084,Gold,550,2025-01-19,0.29957167650993305
M01085,Gold,215,2025-12-20,0.5119770848323691
M01086,Gold,249,2025-11-16,0.6308077706983098
M01087,Platinum,543,2025-01-26,0.09372568285403544
M01088,Gold,1133,2023-06-16,0.4905378692685514
M01089,Gold,1070,2023-08-18,0.8321985954807914
M01090,Centurion,2045,2020-12-16,0.8122410264647588
M01091,Gold,145,2026-02-28,0.2855649414720719
M01092,Platinum,1265,2023-02-04,0.7126561986244079
M01093,Gold,205,2025-12-30,0.21295792119512041
M01094,Gold,107,2026-04-07,0.4621046603776604
M01095,Platinum,502,2025-03-08,0.6280653819957369
M01096,Platinum,268,2025-10-28,0.4761859105917859
M01097,Platinum,15,2026-07-08,0.44741788490547346
M01098,Platinum,110,2026-04-04,0.38671901691739335
M01099,Platinum,824,2024-04-20,0.40226774037801155
M01100,Gold,52,2026-06-01,0.2160341564664771
M01101,Gold,66,2026-05-18,0.4858053293006294
M01102,Gold,36,2026-06-17,0.19086553343815954
M01103,Platinum,1037,2023-09-20,0.25324673540993675
M01104,Platinum,114,2026-03-31,0.3154960448490867
M01105,Platinum,78,2026-05-06,0.5743902405845028
M01106,Platinum,1696,2021-11-30,0.6643583517696032
M01107,Centurion,723,2024-07-30,0.08446185887921397
M01108,Platinum,653,2024-10-08,0.35030336620700026
M01109,Gold,436,2025-05-13,0.3868938546724063
M01110,Platinum,762,2024-06-21,0.35540345686863195
M01111,Gold,2575,2019-07-05,0.2424001055433714
M01112,Platinum,252,2025-11-13,0.07551417297825139
M01113,Gold,558,2025-01-11,0.517480787776497
M01114,Gold,1299,2023-01-01,0.5448693010886527
M01115,Platinum,875,2024-02-29,0.6842915624669853
M01116,Gold,2379,2020-01-17,0.19540908120283862
M01117,Platinum,269,2025-10-27,0.2934836543608486
M01118,Platinum,1069,2023-08-19,0.8162979778018394
M01119,Platinum,409,2025-06-09,0.2855341045519247
M01120,Platinum,314,2025-09-12,0.652089009858639
M01121,Centurion,1896,2021-05-14,0.2837533256480923
M01122,Platinum,673,2024-09-18,0.7101370474756153
M01123,Platinum,150,2026-02-23,0.29137866419673736
M01124,Platinum,26,2026-06-27,0.23721285557220184
M01125,Gold,955,2023-12-11,0.37138684872966216
M01126,Centurion,199,2026-01-05,0.43071187891777735
M01127,Platinum,53,2026-05-31,0.5369024418872193
M01128,Gold,26,2026-06-27,0.5017171073486336
M01129,Gold,429,2025-05-20,0.3574492814025856
M01130,Platinum,192,2026-01-12,0.09417892906869475
M01131,Gold,125,2026-03-20,0.5944698323235665
M01132,Gold,1919,2021-04-21,0.30962832664437073
M01133,Gold,198,2026-01-06,0.7900420311396957
M01134,Platinum,229,2025-12-06,0.2165909297231623
M01135,Platinum,827,2024-04-17,0.059653196633182165
M01136,Gold,806,2024-05-08,0.30641342469579314
M01137,Gold,1536,2022-05-09,0.3055032942319644
M01138,Platinum,34,2026-06-19,0.6059750349024822
M01139,Gold,387,2025-07-01,0.5461381580497605
M01140,Platinum,3117,2018-01-09,0.2635132122906548
M01141,Gold,119,2026-03-26,0.7529487773262223
M01142,Gold,1493,2022-06-21,0.6188174137344546
M01143,Gold,85,2026-04-29,0.582591904581023
M01144,Gold,898,2024-02-06,0.46701145696344154
M01145,Platinum,463,2025-04-16,0.5167531297848963
M01146,Platinum,393,2025-06-25,0.5386124616543141
M01147,Platinum,364,2025-07-24,0.4156061611265637
M01148,Gold,2080,2020-11-11,0.6200362979460919
M01149,Gold,51,2026-06-02,0.4860571347967209
M01150,Gold,876,2024-02-28,0.288709854903162
M01151,Platinum,94,2026-04-20,0.10713037400800586
M01152,Platinum,151,2026-02-22,0.49993864040191466
M01153,Gold,877,2024-02-27,0.07527650315019697
M01154,Platinum,2367,2020-01-29,0.4759834061045274
M01155,Gold,1061,2023-08-27,0.3360052352775483
M01156,Gold,1033,2023-09-24,0.30439776433160975
M01157,Gold,1123,2023-06-26,0.11144857735858878
M01158,Platinum,2765,2018-12-27,0.38389874034538385
M01159,Gold,144,2026-03-01,0.6225378368978123
M01160,Gold,1824,2021-07-25,0.7142503954737344
M01161,Gold,653,2024-10-08,0.562076555068274
M01162,Platinum,477,2025-04-02,0.545795355324739
M01163,Gold,408,2025-06-10,0.8000498608509407
M01164,Platinum,1001,2023-10-26,0.11912303178429284
M01165,Gold,2173,2020-08-10,0.41432541802402584
M01166,Gold,117,2026-03-28,0.754355901072706
M01167,Platinum,381,2025-07-07,0.3594085427570561
M01168,Gold,56,2026-05-28,0.4331852579374083
M01169,Gold,589,2024-12-11,0.28936300001456283
M01170,Gold,445,2025-05-04,0.19394712726098234
M01171,Gold,1348,2022-11-13,0.15071212168161088
M01172,Gold,1774,2021-09-13,0.27046364007477164
M01173,Gold,1151,2023-05-29,0.19292901682666552
M01174,Gold,1930,2021-04-10,0.5791227971252512
M01175,Platinum,25,2026-06-28,0.5187558633827131
M01176,Gold,487,2025-03-23,0.24050262306994777
M01177,Gold,544,2025-01-25,0.2560740530085591
M01178,Platinum,568,2025-01-01,0.12131480755492306
M01179,Gold,520,2025-02-18,0.077866594784103
M01180,Platinum,62,2026-05-22,0.6798538393516452
M01181,Platinum,1575,2022-03-31,0.5434365696357131
M01182,Gold,810,2024-05-04,0.22099183794977115
M01183,Platinum,378,2025-07-10,0.4033017983748809
M01184,Gold,594,2024-12-06,0.10799804799917963
M01185,Gold,989,2023-11-07,0.7074324514318515
M01186,Centurion,296,2025-09-30,0.19806123308409762
M01187,Platinum,1370,2022-10-22,0.1040916617249282
M01188,Platinum,745,2024-07-08,0.5360446887565343
M01189,Platinum,11,2026-07-12,0.2673123031517284
M01190,Platinum,1092,2023-07-27,0.6813987074404091
M01191,Gold,945,2023-12-21,0.08801582169019043
M01192,Gold,592,2024-12-08,0.14108371974567901
M01193,Gold,1192,2023-04-18,0.30132051256518544
M01194,Gold,72,2026-05-12,0.6770765050233793
M01195,Platinum,375,2025-07-13,0.5003155004363256
M01196,Platinum,1035,2023-09-22,0.8547124303270904
M01197,Platinum,65,2026-05-19,0.14013482302239916
M01198,Centurion,122,2026-03-23,0.4854819169788526
M01199,Gold,1951,2021-03-20,0.5360217105048023
