member_id,benefit_id,claimed_date,value_claimed
M00001,extended_warranty,2026-03-04,144.33
M00005,lounge_access,2026-07-11,40.19
M00006,travel_delay,2026-06-07,409.55
M00007,purchase_protection,2026-03-21,80.32
M00007,extended_warranty,2025-12-09,113.78
M00007,dining_credit,2025-12-29,74.5
M00009,purchase_protection,2025-12-20,227.1
M00010,extended_warranty,2026-02-22,279.94
M00010,dining_credit,2025-08-09,86.05
M00011,dining_credit,2026-03-08,23.88
M00012,purchase_protection,2025-10-07,63.43
M00012,dining_credit,2026-07-04,30.42
M00014,extended_warranty,2026-04-13,93.36
M00014,lounge_access,2025-12-07,69.58
M00014,hotel_credit,2026-05-04,196.56
M00015,extended_warranty,2026-03-14,114.79
M00015,dining_credit,2026-03-23,91.07
M00017,purchase_protection,2025-11-18,152.26
M00017,extended_warranty,2025-12-11,83.2
M00019,dining_credit,2026-05-13,24.9
M00020,purchase_protection,2025-11-20,184.75
M00021,lounge_access,2026-04-02,54.04
M00021,hotel_credit,2025-12-25,127.6
M00023,purchase_protection,2025-08-31,239.35
M00023,dining_credit,2026-05-24,90.66
M00024,purchase_protection,2026-04-23,182.93
M00024,extended_warranty,2025-08-17,488.24
M00025,dining_credit,2026-05-15,64.39
M00027,purchase_protection,2026-03-16,150.96
M00028,extended_warranty,2026-01-28,339.98
M00028,hotel_credit,2025-10-12,58.83
M00030,purchase_protection,2025-09-20,173.82
M00030,travel_delay,2025-10-18,278.0
M00032,dining_credit,2026-05-27,68.14
M00033,lounge_access,2026-07-10,62.5
M00034,dining_credit,2026-04-22,52.28
M00036,extended_warranty,2026-07-15,337.12
M00036,hotel_credit,2026-01-28,141.8
M00037,purchase_protection,2026-02-28,267.36
M00037,lounge_access,2025-09-23,51.53
M00038,travel_delay,2026-06-20,264.23
M00038,hotel_credit,2025-11-08,105.97
M00039,purchase_protection,2025-12-22,223.52
M00039,travel_delay,2025-12-07,93.92
M00039,hotel_credit,2025-10-23,155.93
M00040,purchase_protection,2025-09-08,252.45
M00041,purchase_protection,2026-05-28,114.05
M00041,extended_warranty,2025-09-18,260.57
M00042,purchase_protection,2025-08-27,208.15
M00043,extended_warranty,2026-07-08,68.45
M00045,purchase_protection,2026-07-17,109.66
M00045,dining_credit,2025-08-15,12.45
M00046,purchase_protection,2026-05-12,207.51
M00046,dining_credit,2026-02-21,60.45
M00048,extended_warranty,2026-02-06,233.69
M00048,lounge_access,2025-12-24,40.13
M00049,extended_warranty,2026-02-04,94.51
M00049,dining_credit,2026-04-27,22.63
M00050,purchase_protection,2025-10-15,32.66
M00050,extended_warranty,2026-05-27,102.54
M00050,dining_credit,2026-06-06,86.05
M00052,purchase_protection,2026-03-12,214.76
M00052,extended_warranty,2025-12-28,182.51
M00052,dining_credit,2026-04-01,50.39
M00053,purchase_protection,2025-09-21,266.89
M00053,hotel_credit,2026-04-06,148.12
M00053,return_protection,2025-12-03,40.22
M00054,purchase_protection,2026-02-28,214.35
M00054,travel_delay,2026-01-10,279.95
M00055,travel_delay,2025-09-06,243.6
M00055,hotel_credit,2026-03-04,90.19
M00056,dining_credit,2026-03-22,58.14
M00057,purchase_protection,2025-12-17,104.04
M00058,dining_credit,2025-10-17,11.74
M00059,purchase_protection,2026-03-02,138.09
M00060,extended_warranty,2025-09-09,271.39
M00061,purchase_protection,2026-02-06,160.46
M00061,extended_warranty,2025-12-12,106.61
M00061,travel_delay,2026-03-30,147.05
M00061,lounge_access,2025-09-04,36.16
M00061,hotel_credit,2026-04-27,177.98
M00062,extended_warranty,2026-05-25,180.94
M00063,purchase_protection,2026-03-28,243.27
M00063,lounge_access,2025-10-10,45.49
M00063,hotel_credit,2025-09-08,125.61
M00064,extended_warranty,2025-08-11,85.13
M00064,lounge_access,2025-09-14,52.43
M00068,purchase_protection,2026-04-21,168.14
M00070,purchase_protection,2025-12-04,49.12
M00071,purchase_protection,2026-02-12,277.09
M00071,extended_warranty,2025-12-23,438.8
M00071,lounge_access,2025-08-10,51.31
M00071,return_protection,2025-10-25,98.27
M00073,purchase_protection,2026-04-07,135.52
M00074,travel_delay,2025-09-30,128.09
M00075,purchase_protection,2025-10-11,109.24
M00076,hotel_credit,2025-07-23,200.29
M00076,return_protection,2026-03-03,185.28
M00077,purchase_protection,2026-01-17,237.01
M00079,purchase_protection,2025-09-30,211.19
M00079,extended_warranty,2025-08-20,78.95
M00082,purchase_protection,2025-08-04,49.58
M00082,travel_delay,2026-07-22,361.62
M00082,lounge_access,2025-11-24,44.3
M00083,extended_warranty,2026-06-10,48.92
M00083,lounge_access,2026-03-04,50.55
M00085,purchase_protection,2025-11-16,154.52
M00086,purchase_protection,2026-06-18,169.82
M00086,travel_delay,2026-01-27,678.49
M00087,purchase_protection,2026-06-19,205.55
M00087,extended_warranty,2026-05-27,98.94
M00089,extended_warranty,2026-06-04,89.83
M00090,purchase_protection,2026-04-10,203.36
M00090,extended_warranty,2026-03-14,66.93
M00091,lounge_access,2026-07-15,48.14
M00092,hotel_credit,2026-05-02,191.56
M00093,extended_warranty,2025-09-17,252.89
M00093,dining_credit,2025-09-23,15.17
M00094,purchase_protection,2026-03-04,118.66
M00094,extended_warranty,2026-06-17,186.33
M00095,extended_warranty,2025-08-05,241.04
M00096,lounge_access,2025-12-06,81.49
M00098,travel_delay,2026-04-30,253.78
M00099,purchase_protection,2025-11-30,224.84
M00099,extended_warranty,2026-07-16,124.16
M00101,hotel_credit,2026-03-09,117.12
M00103,extended_warranty,2026-01-25,212.84
M00103,dining_credit,2026-01-10,34.68
M00104,purchase_protection,2025-08-29,167.38
M00104,extended_warranty,2026-07-22,259.48
M00104,dining_credit,2026-05-05,22.57
M00105,travel_delay,2025-10-28,371.48
M00105,hotel_credit,2025-12-28,119.05
M00107,purchase_protection,2025-10-04,61.54
M00107,extended_warranty,2025-12-02,51.17
M00107,dining_credit,2026-03-16,16.53
M00108,purchase_protection,2025-12-18,246.27
M00108,dining_credit,2025-11-24,47.27
M00109,extended_warranty,2026-07-11,264.57
M00109,return_protection,2025-10-13,102.32
M00110,purchase_protection,2025-12-05,179.06
M00110,extended_warranty,2026-03-16,302.85
M00110,travel_delay,2025-09-04,245.94
M00110,hotel_credit,2025-10-01,166.76
M00111,extended_warranty,2025-08-13,179.53
M00111,dining_credit,2026-03-21,98.23
M00112,purchase_protection,2025-09-12,72.08
M00112,extended_warranty,2026-02-01,132.96
M00113,purchase_protection,2026-06-12,153.04
M00114,lounge_access,2026-01-28,56.16
M00114,hotel_credit,2026-01-01,106.94
M00114,return_protection,2026-02-06,123.78
M00115,extended_warranty,2026-04-09,191.55
M00117,extended_warranty,2026-02-01,122.9
M00117,hotel_credit,2025-10-04,105.24
M00118,purchase_protection,2025-08-05,122.17
M00118,hotel_credit,2026-03-24,164.07
M00122,purchase_protection,2026-05-24,218.31
M00122,travel_delay,2026-07-02,428.05
M00123,dining_credit,2025-08-15,12.15
M00125,purchase_protection,2025-10-02,245.27
M00125,dining_credit,2026-07-09,78.99
M00126,extended_warranty,2026-06-20,225.08
M00126,dining_credit,2026-05-17,45.85
M00127,hotel_credit,2025-07-24,243.56
M00128,purchase_protection,2025-08-10,231.01
M00128,extended_warranty,2025-09-02,176.56
M00128,lounge_access,2025-10-19,69.96
M00128,hotel_credit,2025-12-13,99.03
M00130,purchase_protection,2026-05-29,107.86
M00130,extended_warranty,2026-01-10,213.92
M00130,dining_credit,2026-02-25,19.15
M00132,purchase_protection,2026-02-05,230.69
M00132,extended_warranty,2026-01-09,74.63
M00132,travel_delay,2026-05-25,469.43
M00133,lounge_access,2025-09-22,77.72
M00133,return_protection,2025-12-18,106.76
M00134,extended_warranty,2026-01-20,147.01
M00134,dining_credit,2026-02-22,50.05
M00135,extended_warranty,2026-03-05,64.79
M00137,travel_delay,2025-12-16,173.34
M00138,travel_delay,2025-12-01,308.56
M00138,lounge_access,2026-03-29,55.25
M00138,hotel_credit,2025-12-11,140.17
M00139,dining_credit,2026-03-14,39.92
M00141,purchase_protection,2025-12-29,178.87
M00141,extended_warranty,2025-10-06,118.98
M00141,dining_credit,2026-01-05,40.06
M00142,extended_warranty,2026-05-08,278.4
M00142,dining_credit,2025-09-02,61.21
M00143,purchase_protection,2025-08-14,125.45
M00143,extended_warranty,2026-03-08,98.14
M00145,purchase_protection,2026-03-13,220.51
M00149,extended_warranty,2025-12-09,195.0
M00150,purchase_protection,2026-02-07,289.42
M00150,extended_warranty,2026-05-19,460.69
M00151,travel_delay,2026-04-06,386.77
M00151,hotel_credit,2025-11-01,193.16
M00152,purchase_protection,2026-03-14,207.86
M00154,purchase_protection,2025-11-18,189.15
M00154,extended_warranty,2026-02-14,63.74
M00154,dining_credit,2026-03-01,14.5
M00155,extended_warranty,2026-01-02,140.52
M00156,purchase_protection,2025-11-20,119.95
M00157,purchase_protection,2025-10-15,287.0
M00158,purchase_protection,2026-03-09,189.42
M00158,extended_warranty,2026-05-11,286.29
M00159,extended_warranty,2025-11-26,209.85
M00159,dining_credit,2025-08-31,86.41
M00160,dining_credit,2025-08-09,51.65
M00161,lounge_access,2026-02-01,61.51
M00162,extended_warranty,2026-06-29,48.19
M00163,extended_warranty,2026-03-13,272.75
M00163,travel_delay,2025-08-14,484.83
M00163,return_protection,2026-07-14,58.54
M00165,dining_credit,2025-10-07,77.46
M00166,extended_warranty,2025-12-25,265.79
M00167,extended_warranty,2026-06-20,94.76
M00168,purchase_protection,2026-04-14,204.42
M00169,purchase_protection,2025-09-09,157.63
M00169,extended_warranty,2025-10-20,272.68
M00169,dining_credit,2026-02-18,17.2
M00171,purchase_protection,2025-09-20,52.92
M00172,purchase_protection,2025-08-17,59.71
M00174,purchase_protection,2025-11-21,233.27
M00174,travel_delay,2026-06-09,455.39
M00175,purchase_protection,2025-09-22,133.87
M00176,extended_warranty,2026-03-05,249.83
M00176,dining_credit,2026-05-18,83.32
M00178,extended_warranty,2025-09-26,106.36
M00178,dining_credit,2026-05-11,44.34
M00180,purchase_protection,2025-12-16,66.2
M00180,extended_warranty,2026-01-20,71.82
M00180,travel_delay,2026-01-14,398.17
M00180,lounge_access,2026-04-02,38.08
M00181,extended_warranty,2026-02-13,51.18
M00181,lounge_access,2025-08-22,54.4
M00183,purchase_protection,2025-11-01,56.52
M00183,dining_credit,2025-08-09,15.07
M00185,purchase_protection,2025-09-25,181.57
M00186,purchase_protection,2025-12-23,290.74
M00186,travel_delay,2025-11-20,230.87
M00186,lounge_access,2025-12-13,73.55
M00190,extended_warranty,2026-06-26,94.1
M00190,dining_credit,2026-02-04,77.9
M00191,extended_warranty,2025-10-13,271.9
M00192,purchase_protection,2025-12-15,123.76
M00192,dining_credit,2026-03-14,11.7
M00193,return_protection,2025-10-16,53.53
M00194,purchase_protection,2026-07-18,223.51
M00195,travel_delay,2026-02-14,188.3
M00197,purchase_protection,2026-04-18,93.82
M00197,extended_warranty,2026-02-12,284.99
M00198,hotel_credit,2026-07-16,351.48
M00200,purchase_protection,2026-07-11,222.66
M00200,extended_warranty,2025-10-06,46.28
M00200,travel_delay,2026-02-15,240.84
M00201,purchase_protection,2025-12-13,373.67
M00201,travel_delay,2025-09-19,168.43
M00201,lounge_access,2025-07-31,91.59
M00201,hotel_credit,2026-06-02,170.13
M00201,return_protection,2026-04-18,68.1
M00202,lounge_access,2026-03-08,73.33
M00202,hotel_credit,2026-02-07,129.24
M00203,purchase_protection,2026-01-19,167.97
M00204,dining_credit,2026-05-21,62.89
M00207,dining_credit,2025-12-05,33.06
M00208,dining_credit,2025-08-29,14.1
M00209,purchase_protection,2025-08-24,200.34
M00209,travel_delay,2026-03-20,311.04
M00209,lounge_access,2026-04-22,99.55
M00210,purchase_protection,2026-02-04,123.65
M00210,extended_warranty,2025-11-26,190.88
M00211,purchase_protection,2025-07-25,289.93
M00212,purchase_protection,2025-11-21,100.27
M00212,extended_warranty,2026-05-31,190.31
M00214,extended_warranty,2026-03-30,141.19
M00214,travel_delay,2025-08-10,215.25
M00214,hotel_credit,2025-11-16,231.03
M00215,purchase_protection,2025-10-05,74.07
M00215,extended_warranty,2026-05-06,324.69
M00216,purchase_protection,2026-07-08,110.68
M00216,hotel_credit,2026-06-22,80.71
M00217,purchase_protection,2026-02-28,51.31
M00217,travel_delay,2026-02-03,215.76
M00217,lounge_access,2025-08-28,56.44
M00219,extended_warranty,2026-01-31,189.46
M00220,purchase_protection,2026-03-26,367.71
M00220,travel_delay,2026-02-04,83.85
M00220,return_protection,2025-09-06,152.76
M00221,lounge_access,2025-11-24,38.34
M00221,hotel_credit,2025-10-26,85.86
M00222,extended_warranty,2025-08-25,224.07
M00223,extended_warranty,2026-03-21,74.28
M00223,travel_delay,2026-03-19,396.06
M00225,lounge_access,2025-12-20,74.34
M00226,extended_warranty,2026-05-28,143.8
M00226,dining_credit,2025-07-24,60.22
M00227,purchase_protection,2025-11-15,289.71
M00227,travel_delay,2025-11-10,471.5
M00227,lounge_access,2025-11-11,51.5
M00227,hotel_credit,2026-04-28,156.59
M00228,dining_credit,2025-09-11,62.71
M00229,travel_delay,2026-05-10,557.23
M00229,lounge_access,2026-05-29,68.8
M00229,hotel_credit,2026-03-09,284.33
M00229,return_protection,2026-02-08,114.03
M00230,extended_warranty,2025-10-07,226.08
M00232,extended_warranty,2026-04-16,250.12
M00232,lounge_access,2026-02-18,42.4
M00232,hotel_credit,2025-11-02,148.27
M00233,extended_warranty,2025-09-05,242.91
M00234,dining_credit,2025-12-07,57.77
M00236,purchase_protection,2026-02-12,292.25
M00236,travel_delay,2026-03-13,486.59
M00236,lounge_access,2025-07-30,72.38
M00236,hotel_credit,2025-08-25,184.23
M00237,extended_warranty,2025-10-26,192.35
M00238,extended_warranty,2026-07-10,334.04
M00238,travel_delay,2025-11-08,97.07
M00238,lounge_access,2026-01-02,55.97
M00238,hotel_credit,2025-10-26,65.14
M00239,purchase_protection,2025-12-25,158.34
M00239,hotel_credit,2025-09-23,93.94
M00240,purchase_protection,2026-07-02,131.83
M00242,extended_warranty,2026-02-24,179.1
M00243,purchase_protection,2025-12-13,380.93
M00243,hotel_credit,2026-01-11,383.92
M00243,return_protection,2025-12-05,38.47
M00244,extended_warranty,2025-10-08,42.04
M00244,dining_credit,2026-06-01,25.29
M00245,travel_delay,2026-04-03,114.82
M00245,lounge_access,2026-03-18,38.37
M00246,extended_warranty,2026-05-02,217.48
M00248,extended_warranty,2025-08-30,217.09
M00248,travel_delay,2025-12-09,230.72
M00248,lounge_access,2025-10-19,48.76
M00248,hotel_credit,2026-02-09,148.19
M00251,purchase_protection,2026-01-01,266.91
M00252,purchase_protection,2026-01-30,51.5
M00252,dining_credit,2025-08-02,99.59
M00253,purchase_protection,2026-02-13,130.08
M00253,dining_credit,2026-04-06,47.81
M00254,travel_delay,2025-10-12,240.13
M00254,lounge_access,2025-12-03,90.84
M00255,hotel_credit,2026-01-29,342.01
M00256,extended_warranty,2025-11-04,186.6
M00256,dining_credit,2025-10-10,99.75
M00258,dining_credit,2026-06-04,63.1
M00259,return_protection,2026-05-15,138.26
M00260,hotel_credit,2026-07-05,59.69
M00261,travel_delay,2026-01-20,408.64
M00262,dining_credit,2025-08-22,28.12
M00263,dining_credit,2025-09-23,87.96
M00264,extended_warranty,2026-03-20,203.12
M00264,hotel_credit,2026-04-13,178.54
M00265,purchase_protection,2026-02-21,128.46
M00265,lounge_access,2026-04-30,54.72
M00266,extended_warranty,2026-06-04,116.37
M00266,lounge_access,2026-03-18,65.7
M00266,hotel_credit,2026-05-31,109.05
M00267,travel_delay,2026-06-12,394.16
M00267,hotel_credit,2026-03-29,177.11
M00268,extended_warranty,2026-02-27,61.96
M00268,lounge_access,2026-07-07,41.61
M00269,extended_warranty,2025-12-07,214.52
M00270,travel_delay,2025-11-17,427.96
M00270,hotel_credit,2025-09-26,186.37
M00271,purchase_protection,2026-06-25,67.49
M00271,extended_warranty,2025-08-04,74.28
M00271,dining_credit,2025-10-11,56.79
M00272,extended_warranty,2026-02-08,168.13
M00273,purchase_protection,2025-08-23,406.04
M00273,travel_delay,2025-12-24,505.56
M00273,hotel_credit,2026-06-12,120.17
M00275,dining_credit,2025-10-11,26.43
M00276,extended_warranty,2026-03-04,72.66
M00276,dining_credit,2025-09-01,71.44
M00278,extended_warranty,2026-06-20,103.77
M00279,purchase_protection,2025-11-17,151.63
M00279,extended_warranty,2026-01-30,232.28
M00279,hotel_credit,2026-04-05,67.19
M00280,hotel_credit,2025-12-08,64.37
M00281,purchase_protection,2026-06-10,163.87
M00281,dining_credit,2026-02-17,95.98
M00282,lounge_access,2025-09-16,72.21
M00283,purchase_protection,2025-09-12,238.65
M00283,dining_credit,2026-02-20,74.26
M00285,purchase_protection,2026-04-26,31.23
M00285,hotel_credit,2026-06-19,298.66
M00285,return_protection,2025-08-31,60.35
M00286,extended_warranty,2026-05-30,43.45
M00286,hotel_credit,2025-12-17,100.92
M00288,extended_warranty,2026-02-21,145.81
M00288,dining_credit,2025-09-25,46.43
M00289,extended_warranty,2026-04-19,216.46
M00289,dining_credit,2026-05-29,16.09
M00290,purchase_protection,2026-01-11,70.42
M00291,purchase_protection,2026-04-19,290.05
M00291,extended_warranty,2025-08-09,163.68
M00292,travel_delay,2026-03-23,207.01
M00293,dining_credit,2026-02-07,57.04
M00294,extended_warranty,2025-10-11,199.48
M00295,extended_warranty,2026-04-16,189.83
M00295,travel_delay,2026-05-08,474.05
M00295,lounge_access,2026-04-09,42.67
M00295,hotel_credit,2026-05-05,181.87
M00298,purchase_protection,2025-10-29,93.18
M00298,dining_credit,2026-06-03,56.47
M00300,travel_delay,2025-11-03,76.34
M00300,lounge_access,2025-08-25,83.28
M00300,hotel_credit,2026-05-01,112.46
M00300,return_protection,2025-12-19,151.41
M00301,purchase_protection,2026-01-06,39.05
M00301,extended_warranty,2025-09-01,269.09
M00301,dining_credit,2026-03-07,73.45
M00302,extended_warranty,2026-02-28,190.24
M00303,extended_warranty,2025-08-03,258.87
M00304,extended_warranty,2026-01-14,148.42
M00305,purchase_protection,2026-02-08,57.4
M00306,dining_credit,2026-05-01,12.07
M00307,travel_delay,2025-09-17,306.14
M00307,lounge_access,2026-01-28,70.05
M00307,hotel_credit,2025-08-21,103.41
M00308,purchase_protection,2026-04-15,238.3
M00308,extended_warranty,2026-04-21,141.02
M00308,travel_delay,2025-10-16,192.69
M00308,hotel_credit,2025-08-04,188.35
M00309,purchase_protection,2025-12-17,115.63
M00309,extended_warranty,2026-01-12,53.9
M00309,lounge_access,2026-06-27,50.46
M00309,hotel_credit,2026-01-09,97.51
M00310,purchase_protection,2025-11-20,203.94
M00310,extended_warranty,2026-04-07,322.41
M00310,lounge_access,2026-07-14,59.3
M00310,hotel_credit,2025-11-13,153.7
M00312,purchase_protection,2026-05-04,99.55
M00314,extended_warranty,2026-06-30,263.05
M00314,lounge_access,2026-04-02,43.62
M00314,hotel_credit,2026-03-15,168.91
M00315,purchase_protection,2026-06-10,200.75
M00315,extended_warranty,2026-01-27,96.38
M00315,travel_delay,2025-09-29,195.16
M00315,hotel_credit,2025-12-16,123.49
M00316,purchase_protection,2025-11-09,88.7
M00316,extended_warranty,2025-08-31,111.48
M00317,extended_warranty,2025-12-16,277.74
M00317,lounge_access,2026-04-26,71.05
M00317,hotel_credit,2025-12-18,105.32
M00318,purchase_protection,2025-10-18,82.58
M00318,extended_warranty,2026-06-09,189.18
M00319,lounge_access,2026-01-31,78.32
M00320,lounge_access,2026-05-07,72.36
M00322,extended_warranty,2026-03-11,53.53
M00322,travel_delay,2026-04-08,268.12
M00322,lounge_access,2025-07-23,49.67
M00323,purchase_protection,2026-04-18,133.34
M00323,extended_warranty,2025-08-26,324.97
M00324,extended_warranty,2025-10-30,76.72
M00325,hotel_credit,2025-09-20,174.02
M00326,extended_warranty,2025-09-13,196.14
M00326,dining_credit,2025-09-17,39.27
M00328,extended_warranty,2026-03-06,134.69
M00329,hotel_credit,2026-04-14,156.12
M00330,extended_warranty,2025-12-16,269.67
M00330,travel_delay,2025-12-10,425.08
M00330,lounge_access,2026-06-09,60.37
M00330,hotel_credit,2025-09-01,86.9
M00331,purchase_protection,2025-11-17,204.41
M00331,dining_credit,2026-03-31,48.99
M00332,purchase_protection,2026-04-08,44.85
M00332,travel_delay,2026-07-09,163.76
M00332,lounge_access,2026-07-19,59.22
M00332,hotel_credit,2025-08-14,125.77
M00333,purchase_protection,2026-04-24,61.85
M00334,purchase_protection,2026-07-17,36.07
M00334,lounge_access,2026-01-29,55.15
M00335,purchase_protection,2026-02-05,234.09
M00335,lounge_access,2026-04-12,68.91
M00336,dining_credit,2026-05-15,68.07
M00337,extended_warranty,2025-12-14,256.64
M00337,lounge_access,2025-12-15,74.89
M00337,hotel_credit,2026-07-11,50.51
M00338,extended_warranty,2025-09-10,123.52
M00340,travel_delay,2026-02-11,421.75
M00341,dining_credit,2025-09-01,54.0
M00342,purchase_protection,2026-01-21,159.9
M00342,dining_credit,2026-04-23,62.25
M00343,dining_credit,2026-03-05,28.07
M00344,purchase_protection,2026-01-26,36.38
M00345,purchase_protection,2026-03-30,96.41
M00345,extended_warranty,2026-07-21,166.14
M00345,travel_delay,2025-12-10,193.22
M00345,hotel_credit,2026-03-03,129.93
M00346,purchase_protection,2025-11-13,97.22
M00346,travel_delay,2025-08-12,334.12
M00346,lounge_access,2026-07-12,94.41
M00348,purchase_protection,2025-08-01,227.23
M00349,extended_warranty,2025-07-25,120.56
M00349,dining_credit,2026-07-07,92.59
M00350,purchase_protection,2026-02-16,450.43
M00350,extended_warranty,2025-09-04,397.85
M00352,extended_warranty,2026-03-06,110.37
M00352,travel_delay,2025-09-27,220.55
M00352,hotel_credit,2025-11-25,109.31
M00354,extended_warranty,2026-04-25,565.72
M00356,travel_delay,2025-08-26,279.06
M00356,return_protection,2026-03-29,145.46
M00359,purchase_protection,2025-08-12,203.26
M00360,purchase_protection,2026-03-20,260.64
M00360,travel_delay,2026-07-10,79.21
M00360,lounge_access,2025-09-26,73.04
M00360,hotel_credit,2025-10-25,82.72
M00361,extended_warranty,2026-02-11,249.94
M00363,purchase_protection,2026-06-12,191.43
M00363,extended_warranty,2026-05-09,135.16
M00363,dining_credit,2025-11-19,41.34
M00364,extended_warranty,2025-09-05,125.45
M00365,purchase_protection,2025-10-03,252.54
M00365,hotel_credit,2026-01-10,191.04
M00366,dining_credit,2025-08-25,94.63
M00367,purchase_protection,2025-11-08,207.58
M00367,extended_warranty,2026-02-28,274.54
M00367,hotel_credit,2026-01-27,132.93
M00368,purchase_protection,2025-11-01,162.51
M00368,dining_credit,2025-11-24,77.33
M00370,purchase_protection,2026-01-17,190.31
M00370,dining_credit,2025-12-15,40.14
M00371,purchase_protection,2026-01-20,46.52
M00371,extended_warranty,2026-02-24,75.13
M00371,travel_delay,2026-06-30,447.14
M00372,hotel_credit,2025-11-08,89.54
M00373,travel_delay,2026-03-31,316.38
M00373,lounge_access,2025-08-08,39.98
M00376,purchase_protection,2026-01-10,284.39
M00376,extended_warranty,2025-12-11,317.58
M00376,travel_delay,2025-08-27,140.7
M00376,lounge_access,2026-01-18,36.24
M00376,hotel_credit,2025-11-03,124.43
M00377,purchase_protection,2025-12-29,48.2
M00377,dining_credit,2025-08-16,17.15
M00378,extended_warranty,2026-05-19,285.01
M00380,purchase_protection,2026-06-07,189.51
M00385,extended_warranty,2026-05-03,270.72
M00385,dining_credit,2026-06-10,20.17
M00386,extended_warranty,2025-09-17,243.37
M00386,dining_credit,2026-06-05,65.98
M00387,extended_warranty,2026-03-20,288.63
M00388,extended_warranty,2026-04-19,576.07
M00388,travel_delay,2025-08-22,191.77
M00388,lounge_access,2026-02-19,90.35
M00388,hotel_credit,2025-12-02,109.98
M00388,return_protection,2025-10-05,180.67
M00389,purchase_protection,2025-08-01,143.76
M00389,hotel_credit,2026-02-01,114.92
M00390,extended_warranty,2026-05-06,576.82
M00390,lounge_access,2025-11-19,58.71
M00390,hotel_credit,2026-07-05,318.58
M00390,return_protection,2025-12-14,198.84
M00391,purchase_protection,2026-06-05,70.01
M00391,hotel_credit,2026-05-18,79.13
M00393,purchase_protection,2026-02-06,80.96
M00393,extended_warranty,2025-09-28,175.05
M00396,extended_warranty,2026-02-19,80.45
M00396,dining_credit,2026-06-27,60.28
M00398,purchase_protection,2025-08-28,52.35
M00398,lounge_access,2025-08-03,63.56
M00398,hotel_credit,2026-06-16,138.04
M00399,extended_warranty,2026-01-21,134.0
M00399,dining_credit,2026-05-21,12.59
M00401,purchase_protection,2026-03-29,219.09
M00402,purchase_protection,2026-05-26,133.26
M00403,travel_delay,2026-07-03,313.92
M00404,purchase_protection,2026-05-30,270.05
M00404,travel_delay,2025-09-03,67.08
M00405,dining_credit,2026-02-19,41.26
M00406,extended_warranty,2026-02-10,284.18
M00407,extended_warranty,2026-01-07,290.71
M00408,lounge_access,2026-02-24,48.3
M00408,hotel_credit,2025-08-28,134.97
M00409,purchase_protection,2026-01-15,249.5
M00409,dining_credit,2026-04-30,38.97
M00410,purchase_protection,2025-10-06,226.3
M00410,lounge_access,2026-06-11,69.02
M00412,lounge_access,2025-10-24,43.76
M00413,purchase_protection,2026-05-24,172.33
M00414,dining_credit,2026-01-15,10.82
M00415,purchase_protection,2026-06-13,210.14
M00416,purchase_protection,2026-02-28,195.38
M00416,extended_warranty,2026-06-06,120.97
M00417,extended_warranty,2026-02-13,177.02
M00418,travel_delay,2025-08-31,303.16
M00418,lounge_access,2026-05-25,53.05
M00421,lounge_access,2025-10-31,48.04
M00421,hotel_credit,2026-03-21,162.65
M00422,dining_credit,2025-10-24,17.58
M00423,extended_warranty,2025-08-06,231.12
M00425,purchase_protection,2026-05-15,230.63
M00425,extended_warranty,2025-12-28,125.51
M00426,purchase_protection,2026-03-12,104.91
M00426,travel_delay,2025-11-08,356.9
M00426,hotel_credit,2025-12-02,176.4
M00427,purchase_protection,2026-01-10,126.15
M00427,dining_credit,2025-08-27,75.21
M00428,extended_warranty,2026-01-08,72.89
M00429,travel_delay,2026-06-04,283.23
M00429,lounge_access,2026-05-31,56.3
M00429,hotel_credit,2025-10-22,90.19
M00430,dining_credit,2026-02-02,36.22
M00431,purchase_protection,2025-10-17,238.73
M00431,dining_credit,2026-06-09,57.09
M00433,purchase_protection,2026-06-29,371.96
M00433,travel_delay,2025-12-25,636.39
M00433,return_protection,2026-03-24,60.25
M00434,extended_warranty,2026-04-24,293.85
M00434,dining_credit,2026-07-17,91.24
M00435,extended_warranty,2025-08-12,286.64
M00435,dining_credit,2025-09-23,66.83
M00436,dining_credit,2025-09-01,16.22
M00437,lounge_access,2026-01-31,43.91
M00438,purchase_protection,2026-01-20,246.38
M00438,extended_warranty,2025-09-14,269.44
M00438,dining_credit,2026-05-13,53.14
M00439,purchase_protection,2026-03-30,86.19
M00439,lounge_access,2026-01-26,59.45
M00439,hotel_credit,2025-07-30,131.99
M00440,purchase_protection,2026-04-13,121.55
M00440,extended_warranty,2026-04-04,154.37
M00440,travel_delay,2026-02-13,172.26
M00440,lounge_access,2025-09-30,57.54
M00441,purchase_protection,2025-12-20,341.35
M00441,extended_warranty,2025-12-30,124.36
M00441,travel_delay,2026-03-25,636.87
M00441,hotel_credit,2026-06-25,342.34
M00441,return_protection,2025-10-18,59.38
M00442,travel_delay,2026-07-16,485.75
M00442,hotel_credit,2026-04-18,144.49
M00443,extended_warranty,2026-06-10,544.34
M00443,travel_delay,2026-04-18,716.69
M00444,hotel_credit,2026-02-26,155.19
M00445,lounge_access,2026-06-16,63.03
M00445,hotel_credit,2025-12-02,56.43
M00446,extended_warranty,2026-05-30,45.9
M00446,travel_delay,2026-03-22,277.1
M00446,lounge_access,2026-07-23,52.16
M00448,purchase_protection,2026-04-05,218.8
M00448,extended_warranty,2026-01-01,102.37
M00448,lounge_access,2025-11-06,47.77
M00449,extended_warranty,2026-06-10,203.9
M00450,extended_warranty,2025-12-17,191.56
M00450,hotel_credit,2026-07-05,108.58
M00451,travel_delay,2026-02-13,127.97
M00451,hotel_credit,2025-11-04,94.46
M00452,purchase_protection,2025-08-01,43.77
M00452,dining_credit,2025-11-27,60.41
M00453,extended_warranty,2025-12-10,92.11
M00454,purchase_protection,2026-04-05,217.78
M00454,extended_warranty,2026-03-03,110.57
M00455,extended_warranty,2026-01-23,332.98
M00456,purchase_protection,2026-02-16,60.91
M00456,lounge_access,2025-09-21,65.33
M00457,extended_warranty,2026-07-17,211.14
M00458,extended_warranty,2026-03-22,127.1
M00459,purchase_protection,2025-08-12,78.82
M00460,extended_warranty,2026-06-04,88.81
M00462,dining_credit,2026-07-19,13.04
M00464,dining_credit,2025-07-24,36.71
M00465,extended_warranty,2026-01-13,286.51
M00467,hotel_credit,2025-10-09,169.23
M00468,purchase_protection,2026-01-12,200.61
M00468,lounge_access,2026-06-13,54.65
M00471,extended_warranty,2025-08-14,116.18
M00473,purchase_protection,2026-07-23,61.45
M00474,extended_warranty,2026-03-06,249.14
M00474,dining_credit,2025-08-24,52.41
M00475,purchase_protection,2026-07-05,318.18
M00475,extended_warranty,2026-06-10,174.6
M00475,lounge_access,2025-09-10,65.87
M00475,hotel_credit,2026-07-09,339.43
M00476,extended_warranty,2025-10-21,286.73
M00476,hotel_credit,2026-04-25,159.1
M00477,purchase_protection,2025-10-22,279.14
M00478,purchase_protection,2025-11-07,89.09
M00478,lounge_access,2026-04-02,45.99
M00479,hotel_credit,2026-05-28,103.07
M00480,purchase_protection,2026-05-15,175.88
M00481,purchase_protection,2026-02-15,161.84
M00482,extended_warranty,2026-03-21,200.78
M00482,dining_credit,2026-01-17,16.44
M00483,travel_delay,2025-11-24,372.69
M00484,purchase_protection,2025-10-11,164.75
M00484,extended_warranty,2026-06-13,344.79
M00484,travel_delay,2025-11-27,342.47
M00485,extended_warranty,2026-05-22,554.79
M00486,purchase_protection,2026-03-23,192.17
M00486,extended_warranty,2025-11-11,156.7
M00487,purchase_protection,2025-12-04,82.62
M00488,dining_credit,2025-09-27,32.63
M00490,purchase_protection,2025-09-23,107.44
M00490,extended_warranty,2025-09-17,71.89
M00491,purchase_protection,2025-11-17,48.09
M00492,purchase_protection,2025-11-05,148.98
M00492,extended_warranty,2026-04-21,44.63
M00493,purchase_protection,2025-12-26,114.94
M00493,extended_warranty,2026-01-10,47.52
M00494,dining_credit,2025-10-27,70.95
M00495,purchase_protection,2026-02-21,158.11
M00495,extended_warranty,2026-02-15,239.03
M00496,extended_warranty,2025-11-08,40.59
M00497,purchase_protection,2025-10-02,59.09
M00497,extended_warranty,2025-11-27,255.67
M00498,extended_warranty,2025-10-14,100.43
M00499,purchase_protection,2026-01-12,92.66
M00499,extended_warranty,2025-12-30,114.06
M00499,dining_credit,2025-12-03,21.3
M00500,extended_warranty,2026-06-02,296.63
M00500,hotel_credit,2026-03-04,51.16
M00501,extended_warranty,2026-06-20,205.98
M00501,dining_credit,2025-10-26,65.31
M00503,purchase_protection,2026-04-14,194.07
M00503,lounge_access,2025-12-11,49.08
M00503,hotel_credit,2026-04-28,150.97
M00504,purchase_protection,2025-09-04,122.37
M00505,purchase_protection,2026-05-13,132.89
M00506,purchase_protection,2026-04-19,231.88
M00506,extended_warranty,2026-06-23,61.52
M00506,dining_credit,2026-03-07,64.48
M00507,extended_warranty,2025-12-24,266.88
M00507,dining_credit,2025-10-01,24.56
M00508,extended_warranty,2026-07-02,182.57
M00509,purchase_protection,2025-09-19,191.18
M00509,extended_warranty,2025-11-16,196.08
M00509,dining_credit,2026-02-22,52.15
M00510,purchase_protection,2026-07-04,202.93
M00510,extended_warranty,2026-06-11,192.68
M00511,purchase_protection,2026-07-20,130.38
M00512,extended_warranty,2025-11-02,303.19
M00512,travel_delay,2025-11-12,183.51
M00515,lounge_access,2026-06-27,54.78
M00516,extended_warranty,2026-01-11,70.46
M00516,dining_credit,2025-11-03,24.95
M00518,extended_warranty,2025-07-24,49.46
M00518,dining_credit,2025-08-07,58.66
M00520,extended_warranty,2025-11-05,448.69
M00520,hotel_credit,2025-09-30,141.5
M00520,return_protection,2026-02-20,113.11
M00522,extended_warranty,2025-12-25,50.49
M00522,hotel_credit,2025-09-09,56.26
M00523,hotel_credit,2025-10-24,113.45
M00524,extended_warranty,2025-11-12,135.14
M00524,hotel_credit,2025-09-20,60.29
M00525,extended_warranty,2025-09-29,82.08
M00525,lounge_access,2026-05-31,35.35
M00527,extended_warranty,2025-12-03,239.42
M00527,dining_credit,2025-08-18,63.98
M00528,extended_warranty,2025-08-02,222.29
M00529,purchase_protection,2025-10-31,240.93
M00530,extended_warranty,2025-11-02,41.68
M00531,purchase_protection,2026-06-03,200.09
M00531,extended_warranty,2026-03-31,336.06
M00531,lounge_access,2025-10-21,69.18
M00531,hotel_credit,2025-09-27,60.14
M00532,hotel_credit,2026-06-05,159.71
M00534,purchase_protection,2026-03-28,291.05
M00534,extended_warranty,2026-03-06,104.45
M00534,travel_delay,2025-11-07,396.99
M00534,lounge_access,2026-01-19,60.48
M00535,purchase_protection,2026-03-02,296.72
M00535,hotel_credit,2025-09-26,71.4
M00536,dining_credit,2025-08-28,77.72
M00537,purchase_protection,2025-10-31,228.88
M00537,lounge_access,2025-09-11,43.99
M00538,purchase_protection,2026-01-05,124.55
M00538,travel_delay,2026-05-22,157.39
M00539,purchase_protection,2026-07-03,188.03
M00539,dining_credit,2025-10-09,50.06
M00540,purchase_protection,2026-01-03,179.94
M00540,hotel_credit,2026-04-09,196.76
M00541,purchase_protection,2025-08-26,121.1
M00541,extended_warranty,2026-04-13,109.77
M00541,hotel_credit,2026-02-11,195.76
M00542,purchase_protection,2025-08-10,74.92
M00543,purchase_protection,2026-07-07,63.36
M00544,extended_warranty,2026-02-23,272.39
M00545,purchase_protection,2026-01-13,169.99
M00545,extended_warranty,2025-10-28,278.96
M00546,travel_delay,2025-08-06,578.35
M00546,hotel_credit,2025-10-29,181.77
M00547,purchase_protection,2025-08-06,41.89
M00548,purchase_protection,2025-08-30,34.39
M00548,travel_delay,2026-04-23,197.57
M00548,lounge_access,2025-09-13,73.72
M00548,hotel_credit,2026-01-30,152.03
M00550,lounge_access,2026-07-20,65.4
M00550,hotel_credit,2026-04-29,88.22
M00551,extended_warranty,2026-03-05,159.65
M00552,extended_warranty,2025-12-27,142.18
M00552,dining_credit,2026-06-14,31.88
M00553,extended_warranty,2025-12-18,293.23
M00553,travel_delay,2026-03-03,186.54
M00553,lounge_access,2025-08-12,51.6
M00554,purchase_protection,2025-12-14,267.22
M00554,extended_warranty,2026-07-20,339.99
M00554,lounge_access,2026-04-18,56.34
M00555,extended_warranty,2025-08-10,250.3
M00555,hotel_credit,2025-11-06,184.0
M00557,return_protection,2026-02-04,33.02
M00559,dining_credit,2026-07-18,51.92
M00560,purchase_protection,2026-01-25,48.33
M00560,dining_credit,2025-08-01,20.12
M00561,purchase_protection,2025-07-29,212.67
M00561,extended_warranty,2025-10-23,293.21
M00562,extended_warranty,2026-05-12,105.79
M00563,purchase_protection,2025-07-26,149.2
M00563,extended_warranty,2025-12-20,252.52
M00564,travel_delay,2025-11-09,310.81
M00565,hotel_credit,2025-08-25,90.7
M00567,purchase_protection,2026-05-29,359.12
M00567,hotel_credit,2025-12-17,316.21
M00568,travel_delay,2026-02-08,53.25
M00568,lounge_access,2026-03-04,48.62
M00568,hotel_credit,2026-05-02,147.63
M00569,purchase_protection,2025-10-17,211.94
M00569,travel_delay,2026-06-15,256.5
M00569,hotel_credit,2026-04-19,50.17
M00570,purchase_protection,2026-06-06,168.55
M00570,extended_warranty,2025-10-23,134.15
M00570,lounge_access,2025-10-13,42.51
M00570,hotel_credit,2025-11-20,110.56
M00571,extended_warranty,2025-10-02,92.44
M00571,dining_credit,2026-02-17,60.94
M00572,extended_warranty,2026-06-09,69.16
M00572,travel_delay,2026-02-13,453.03
M00572,lounge_access,2026-04-02,57.03
M00573,purchase_protection,2026-06-23,236.89
M00573,extended_warranty,2026-04-23,74.21
M00573,travel_delay,2025-11-29,186.78
M00573,hotel_credit,2026-03-25,218.4
M00574,dining_credit,2025-11-02,55.21
M00575,purchase_protection,2026-03-05,237.34
M00576,extended_warranty,2026-06-21,231.2
M00577,purchase_protection,2025-10-16,108.78
M00577,extended_warranty,2025-07-31,170.37
M00578,extended_warranty,2026-03-14,73.74
M00579,purchase_protection,2026-06-25,157.3
M00579,extended_warranty,2026-04-09,163.04
M00579,travel_delay,2025-11-28,64.06
M00580,extended_warranty,2026-04-17,78.12
M00580,dining_credit,2025-09-28,25.18
M00581,hotel_credit,2025-12-15,175.68
M00582,purchase_protection,2026-02-21,250.41
M00582,extended_warranty,2026-03-09,269.68
M00582,lounge_access,2026-07-19,43.29
M00583,purchase_protection,2026-07-11,46.29
M00583,extended_warranty,2026-03-10,283.32
M00584,lounge_access,2025-10-15,70.62
M00585,purchase_protection,2026-05-19,36.55
M00585,extended_warranty,2025-11-20,96.12
M00586,purchase_protection,2026-05-23,102.45
M00586,extended_warranty,2025-10-30,298.54
M00586,dining_credit,2025-08-13,11.7
M00587,purchase_protection,2025-09-12,30.05
M00587,travel_delay,2026-06-13,148.45
M00587,hotel_credit,2026-07-06,131.18
M00588,extended_warranty,2026-04-27,248.95
M00589,purchase_protection,2025-11-19,46.05
M00589,dining_credit,2026-04-28,89.93
M00590,purchase_protection,2026-03-28,282.22
M00590,extended_warranty,2026-07-05,255.24
M00591,purchase_protection,2026-04-21,50.06
M00592,purchase_protection,2026-04-12,52.35
M00592,extended_warranty,2025-12-04,255.13
M00592,dining_credit,2025-12-23,73.65
M00593,extended_warranty,2026-04-14,274.38
M00593,hotel_credit,2026-01-07,58.42
M00594,purchase_protection,2026-04-18,165.26
M00594,dining_credit,2026-03-10,25.17
M00595,purchase_protection,2026-04-18,148.4
M00595,lounge_access,2025-11-22,59.91
M00595,hotel_credit,2026-04-29,186.64
M00597,purchase_protection,2026-02-01,181.32
M00597,extended_warranty,2026-03-11,190.69
M00598,purchase_protection,2025-10-29,74.19
M00599,purchase_protection,2026-01-20,166.04
M00599,lounge_access,2026-01-05,81.78
M00600,purchase_protection,2025-10-18,221.02
M00601,purchase_protection,2026-05-07,58.82
M00601,lounge_access,2025-10-04,48.38
M00601,hotel_credit,2026-05-05,133.41
M00603,purchase_protection,2025-12-20,90.48
M00603,extended_warranty,2026-07-08,147.7
M00603,travel_delay,2025-12-14,166.06
M00603,hotel_credit,2025-09-16,199.61
M00604,extended_warranty,2026-02-12,47.02
M00604,travel_delay,2025-08-15,427.71
M00605,extended_warranty,2025-08-28,280.78
M00605,hotel_credit,2025-10-16,84.56
M00606,purchase_protection,2025-12-14,243.78
M00606,extended_warranty,2026-03-10,68.86
M00607,purchase_protection,2026-02-21,62.91
M00607,hotel_credit,2025-11-12,196.69
M00608,dining_credit,2025-11-23,28.82
M00611,dining_credit,2026-05-11,62.53
M00613,extended_warranty,2026-03-04,107.07
M00614,extended_warranty,2026-05-06,264.8
M00619,extended_warranty,2025-12-31,138.91
M00622,dining_credit,2026-05-16,17.82
M00623,purchase_protection,2025-09-19,223.99
M00623,extended_warranty,2025-10-17,283.91
M00624,purchase_protection,2025-11-06,39.77
M00625,purchase_protection,2026-03-13,30.55
M00625,travel_delay,2025-11-13,439.69
M00627,dining_credit,2025-12-18,55.91
M00628,purchase_protection,2025-10-31,101.19
M00628,extended_warranty,2026-07-06,217.93
M00629,travel_delay,2026-07-06,128.68
M00631,purchase_protection,2025-12-26,74.42
M00631,extended_warranty,2025-11-15,201.61
M00632,purchase_protection,2025-11-20,73.46
M00634,purchase_protection,2026-06-30,87.88
M00634,extended_warranty,2025-10-18,68.47
M00634,dining_credit,2025-12-31,55.62
M00635,purchase_protection,2026-04-14,154.76
M00636,purchase_protection,2025-09-06,86.39
M00636,extended_warranty,2026-03-08,289.55
M00636,dining_credit,2025-11-11,49.67
M00637,extended_warranty,2026-02-08,153.6
M00638,extended_warranty,2025-09-03,130.81
M00639,dining_credit,2025-07-25,28.63
M00641,purchase_protection,2026-02-19,43.95
M00641,extended_warranty,2025-08-03,178.74
M00642,purchase_protection,2026-03-26,38.68
M00642,lounge_access,2026-06-20,62.41
M00643,purchase_protection,2026-05-02,163.7
M00643,dining_credit,2026-03-17,60.12
M00644,purchase_protection,2025-10-20,294.04
M00644,lounge_access,2026-07-14,61.71
M00645,extended_warranty,2025-10-16,133.94
M00646,travel_delay,2025-12-09,418.18
M00646,hotel_credit,2026-03-22,62.84
M00647,extended_warranty,2025-12-13,210.6
M00647,travel_delay,2026-06-14,256.29
M00648,extended_warranty,2025-10-15,189.11
M00649,dining_credit,2025-09-07,46.61
M00651,dining_credit,2026-01-03,61.9
M00652,extended_warranty,2026-04-02,188.9
M00652,travel_delay,2025-07-28,469.28
M00652,lounge_access,2025-11-10,69.18
M00653,purchase_protection,2026-05-23,86.55
M00654,purchase_protection,2025-10-16,275.06
M00654,extended_warranty,2025-12-21,133.46
M00654,hotel_credit,2026-02-02,128.56
M00655,purchase_protection,2026-03-19,168.05
M00656,extended_warranty,2025-12-30,278.45
M00656,dining_credit,2025-08-31,66.32
M00657,purchase_protection,2026-05-04,231.86
M00657,extended_warranty,2025-12-22,119.57
M00658,extended_warranty,2026-05-08,210.97
M00659,extended_warranty,2026-05-17,178.4
M00660,purchase_protection,2026-03-14,183.34
M00660,extended_warranty,2025-11-29,90.31
M00660,hotel_credit,2026-04-08,184.85
M00662,purchase_protection,2025-10-14,477.87
M00662,extended_warranty,2026-04-22,347.07
M00662,lounge_access,2026-07-17,94.79
M00662,hotel_credit,2025-08-13,139.11
M00663,purchase_protection,2026-05-26,32.96
M00664,extended_warranty,2026-03-23,165.29
M00664,hotel_credit,2026-04-22,104.55
M00665,travel_delay,2026-06-25,175.19
M00665,lounge_access,2025-12-26,59.17
M00666,extended_warranty,2026-01-13,131.68
M00666,lounge_access,2025-09-11,52.32
M00666,hotel_credit,2026-02-12,50.01
M00667,dining_credit,2026-04-12,14.66
M00670,purchase_protection,2026-05-26,157.72
M00670,extended_warranty,2026-07-16,100.5
M00670,dining_credit,2026-05-01,37.04
M00671,travel_delay,2026-02-04,74.81
M00672,return_protection,2026-05-30,58.88
M00673,extended_warranty,2025-08-05,198.26
M00674,purchase_protection,2026-03-18,43.84
M00674,extended_warranty,2026-07-06,177.05
M00674,lounge_access,2025-12-31,39.58
M00674,hotel_credit,2025-08-23,76.53
M00675,extended_warranty,2026-06-22,59.18
M00675,travel_delay,2026-03-31,318.21
M00675,lounge_access,2025-08-02,63.26
M00676,purchase_protection,2026-02-23,252.28
M00676,lounge_access,2025-11-15,45.81
M00680,hotel_credit,2026-03-25,106.16
M00681,purchase_protection,2025-08-30,31.92
M00681,extended_warranty,2025-08-08,190.06
M00682,purchase_protection,2025-11-22,221.24
M00682,dining_credit,2025-08-24,92.72
M00683,purchase_protection,2026-05-26,70.69
M00683,extended_warranty,2026-07-02,45.85
M00684,purchase_protection,2026-05-18,42.88
M00685,purchase_protection,2025-11-03,87.16
M00687,dining_credit,2025-09-06,26.95
M00688,purchase_protection,2025-09-21,221.36
M00689,purchase_protection,2026-02-08,208.39
M00689,travel_delay,2026-05-24,86.17
M00690,hotel_credit,2025-12-30,181.35
M00691,purchase_protection,2025-08-29,30.78
M00691,dining_credit,2026-03-03,98.01
M00692,purchase_protection,2026-02-04,136.57
M00692,extended_warranty,2026-02-27,304.64
M00692,travel_delay,2025-12-15,385.28
M00693,purchase_protection,2026-06-30,319.95
M00693,return_protection,2026-06-06,116.75
M00694,purchase_protection,2025-08-28,213.95
M00695,lounge_access,2025-10-14,62.62
M00695,hotel_credit,2026-03-15,189.57
M00696,purchase_protection,2026-01-04,86.11
M00698,extended_warranty,2025-07-23,277.45
M00699,purchase_protection,2026-04-25,89.1
M00699,dining_credit,2026-02-27,70.26
M00700,purchase_protection,2025-12-30,146.83
M00701,extended_warranty,2026-05-31,401.32
M00701,travel_delay,2025-07-25,587.98
M00703,purchase_protection,2026-07-13,183.14
M00703,extended_warranty,2025-08-26,188.9
M00703,dining_credit,2025-10-07,20.77
M00704,purchase_protection,2025-11-07,106.49
M00705,extended_warranty,2026-04-28,260.51
M00705,dining_credit,2025-07-27,20.89
M00706,purchase_protection,2025-09-10,88.98
M00706,lounge_access,2026-06-28,54.81
M00707,travel_delay,2025-10-13,483.19
M00707,lounge_access,2025-08-11,70.48
M00707,hotel_credit,2025-08-08,104.65
M00708,purchase_protection,2026-01-21,123.3
M00708,extended_warranty,2025-09-18,251.46
M00709,purchase_protection,2025-08-29,61.51
M00709,extended_warranty,2026-07-16,242.02
M00709,dining_credit,2026-05-27,82.79
M00710,purchase_protection,2026-07-18,166.19
M00710,travel_delay,2026-06-08,166.76
M00711,purchase_protection,2026-01-16,264.51
M00714,purchase_protection,2026-02-05,84.18
M00715,dining_credit,2026-07-18,90.42
M00716,extended_warranty,2026-04-14,59.33
M00719,purchase_protection,2025-12-01,81.38
M00719,dining_credit,2026-04-14,67.35
M00720,dining_credit,2025-12-04,99.4
M00721,purchase_protection,2025-09-03,124.59
M00721,extended_warranty,2026-04-15,338.32
M00722,purchase_protection,2026-01-13,107.67
M00722,travel_delay,2026-01-14,453.15
M00723,travel_delay,2025-11-28,394.49
M00723,lounge_access,2026-02-27,59.36
M00723,hotel_credit,2025-09-05,77.83
M00724,purchase_protection,2025-09-28,471.63
M00724,lounge_access,2026-05-23,91.25
M00725,purchase_protection,2026-06-10,113.41
M00725,travel_delay,2025-09-24,278.1
M00725,hotel_credit,2026-05-14,133.8
M00725,return_protection,2025-11-05,131.29
M00726,travel_delay,2025-10-03,482.95
M00727,purchase_protection,2025-11-30,150.71
M00727,extended_warranty,2025-12-25,42.91
M00728,extended_warranty,2026-06-14,124.39
M00728,dining_credit,2025-10-25,41.29
M00729,extended_warranty,2025-09-09,161.97
M00729,lounge_access,2025-11-27,52.52
M00730,extended_warranty,2026-05-21,233.77
M00730,dining_credit,2025-11-07,25.89
M00731,purchase_protection,2026-04-04,98.14
M00732,travel_delay,2025-11-05,695.58
M00733,dining_credit,2026-03-21,42.06
M00734,purchase_protection,2026-05-05,37.75
M00734,lounge_access,2025-11-08,51.08
M00735,purchase_protection,2026-02-15,253.55
M00735,extended_warranty,2025-08-18,327.7
M00737,purchase_protection,2025-10-08,146.78
M00738,purchase_protection,2026-04-04,53.13
M00738,extended_warranty,2025-10-13,154.05
M00740,purchase_protection,2026-05-03,280.15
M00740,lounge_access,2026-07-13,40.89
M00741,extended_warranty,2026-07-08,157.59
M00741,travel_delay,2025-08-12,403.67
M00742,purchase_protection,2025-08-28,165.35
M00743,travel_delay,2025-11-08,315.09
M00743,lounge_access,2026-01-19,59.32
M00743,hotel_credit,2025-08-30,71.18
M00744,purchase_protection,2026-01-31,44.26
M00744,dining_credit,2025-11-03,82.64
M00745,hotel_credit,2025-09-27,196.55
M00746,lounge_access,2026-07-17,45.47
M00747,purchase_protection,2025-08-31,238.43
M00747,extended_warranty,2025-08-18,162.44
M00747,lounge_access,2025-12-01,51.44
M00748,dining_credit,2026-01-28,46.25
M00749,dining_credit,2026-04-18,44.24
M00750,dining_credit,2026-03-08,24.03
M00751,hotel_credit,2026-07-05,342.21
M00752,purchase_protection,2025-12-15,222.81
M00753,dining_credit,2025-11-05,49.49
M00755,purchase_protection,2025-12-17,106.57
M00755,travel_delay,2026-01-18,164.27
M00755,hotel_credit,2026-02-14,61.24
M00757,purchase_protection,2026-06-21,213.14
M00757,extended_warranty,2025-11-08,141.98
M00757,dining_credit,2026-05-13,41.57
M00758,dining_credit,2025-11-02,26.56
M00759,dining_credit,2026-01-16,66.28
M00760,extended_warranty,2026-05-01,81.52
M00760,lounge_access,2025-10-29,46.13
M00761,lounge_access,2025-12-04,51.17
M00762,travel_delay,2025-09-22,373.33
M00762,lounge_access,2026-01-11,42.95
M00763,dining_credit,2025-08-03,50.53
M00764,purchase_protection,2025-12-04,88.67
M00765,travel_delay,2025-11-04,387.03
M00765,lounge_access,2026-06-01,55.85
M00765,hotel_credit,2025-10-11,261.4
M00765,return_protection,2025-09-21,175.79
M00766,extended_warranty,2025-12-09,69.93
M00766,dining_credit,2026-01-08,39.23
M00767,purchase_protection,2026-07-13,72.19
M00767,extended_warranty,2026-05-03,67.02
M00767,hotel_credit,2026-04-25,86.93
M00768,purchase_protection,2026-02-10,209.69
M00768,extended_warranty,2026-06-05,150.48
M00769,purchase_protection,2026-01-17,174.82
M00769,travel_delay,2025-10-06,429.5
M00769,hotel_credit,2025-12-01,260.96
M00771,purchase_protection,2026-06-07,233.19
M00771,extended_warranty,2026-07-02,261.3
M00772,purchase_protection,2026-07-04,133.89
M00772,dining_credit,2026-02-12,46.67
M00773,purchase_protection,2025-11-21,268.04
M00773,travel_delay,2025-10-11,448.37
M00773,lounge_access,2026-05-31,36.58
M00773,hotel_credit,2026-04-20,80.82
M00774,lounge_access,2025-11-14,69.5
M00776,lounge_access,2026-05-28,73.23
M00776,hotel_credit,2026-06-13,311.24
M00777,travel_delay,2025-09-19,681.28
M00777,return_protection,2025-08-15,163.5
M00779,purchase_protection,2026-02-26,248.6
M00780,purchase_protection,2025-12-23,124.56
M00780,extended_warranty,2025-12-18,97.81
M00780,hotel_credit,2025-08-08,98.15
M00781,dining_credit,2026-01-08,69.81
M00782,purchase_protection,2026-01-31,128.43
M00782,extended_warranty,2026-06-27,301.35
M00782,travel_delay,2026-04-03,258.17
M00782,lounge_access,2025-11-21,46.33
M00782,hotel_credit,2025-09-13,86.35
M00783,purchase_protection,2025-12-19,32.37
M00784,dining_credit,2026-05-26,39.15
M00785,lounge_access,2026-04-27,62.89
M00785,hotel_credit,2026-02-15,131.99
M00788,extended_warranty,2025-12-06,77.79
M00789,purchase_protection,2026-06-14,108.59
M00789,extended_warranty,2025-12-01,91.68
M00789,dining_credit,2026-01-25,22.53
M00790,purchase_protection,2026-02-28,320.11
M00790,extended_warranty,2025-09-14,322.15
M00791,extended_warranty,2025-08-19,211.07
M00791,dining_credit,2025-10-11,70.39
M00794,dining_credit,2026-02-09,26.96
M00795,lounge_access,2026-02-19,44.12
M00796,dining_credit,2026-01-19,26.12
M00797,hotel_credit,2025-09-14,250.53
M00797,return_protection,2026-04-05,190.2
M00799,travel_delay,2025-11-07,192.5
M00799,lounge_access,2026-04-10,36.41
M00800,extended_warranty,2025-12-17,54.56
M00801,extended_warranty,2025-12-29,247.48
M00802,purchase_protection,2026-01-30,276.42
M00802,travel_delay,2026-01-28,426.59
M00802,lounge_access,2026-03-27,40.63
M00803,hotel_credit,2026-03-19,195.85
M00803,return_protection,2025-09-03,179.66
M00804,dining_credit,2025-11-21,63.89
M00806,purchase_protection,2026-02-26,130.84
M00806,extended_warranty,2025-09-16,210.63
M00807,purchase_protection,2026-01-25,241.26
M00807,extended_warranty,2026-05-15,289.4
M00807,dining_credit,2025-10-23,46.08
M00808,purchase_protection,2025-10-22,152.09
M00808,extended_warranty,2026-04-19,308.05
M00808,travel_delay,2025-09-21,103.24
M00809,extended_warranty,2026-01-13,238.26
M00810,purchase_protection,2026-03-10,218.99
M00810,extended_warranty,2025-11-26,133.3
M00810,dining_credit,2026-07-17,90.13
M00811,dining_credit,2025-10-26,74.57
M00813,purchase_protection,2026-01-30,258.29
M00813,extended_warranty,2026-06-24,77.73
M00813,travel_delay,2025-10-15,248.97
M00813,lounge_access,2026-02-21,50.62
M00813,hotel_credit,2025-09-12,109.93
M00814,purchase_protection,2026-06-25,68.02
M00814,extended_warranty,2026-03-20,142.04
M00814,travel_delay,2026-07-18,239.97
M00816,purchase_protection,2026-02-25,182.14
M00816,lounge_access,2026-07-23,38.19
M00818,purchase_protection,2025-11-29,169.24
M00818,hotel_credit,2026-03-13,174.42
M00820,purchase_protection,2026-01-24,263.52
M00822,travel_delay,2026-03-01,260.25
M00822,hotel_credit,2026-04-26,172.0
M00823,lounge_access,2025-11-01,70.86
M00823,hotel_credit,2025-12-30,197.63
M00824,extended_warranty,2026-01-16,120.2
M00824,lounge_access,2026-04-09,67.22
M00826,dining_credit,2025-11-14,56.09
M00827,extended_warranty,2025-09-11,174.05
M00827,dining_credit,2026-05-27,84.51
M00828,purchase_protection,2026-03-01,239.48
M00828,extended_warranty,2025-12-01,169.63
M00828,travel_delay,2026-06-06,146.22
M00828,hotel_credit,2025-10-12,78.06
M00829,lounge_access,2025-09-23,57.07
M00830,extended_warranty,2026-02-22,281.03
M00830,lounge_access,2026-07-17,64.47
M00830,hotel_credit,2026-02-06,71.02
M00831,dining_credit,2025-08-13,95.97
M00833,purchase_protection,2026-03-16,115.57
M00834,purchase_protection,2026-04-12,55.67
M00834,extended_warranty,2025-09-14,49.87
M00836,purchase_protection,2026-01-10,282.43
M00836,extended_warranty,2026-06-03,60.56
M00836,lounge_access,2025-07-30,45.12
M00836,hotel_credit,2025-09-26,184.8
M00837,purchase_protection,2025-08-19,87.73
M00838,dining_credit,2025-08-03,35.75
M00839,purchase_protection,2025-10-30,311.83
M00839,hotel_credit,2026-06-21,370.01
M00839,return_protection,2026-02-12,122.95
M00841,travel_delay,2026-04-01,202.22
M00841,lounge_access,2026-03-28,40.97
M00841,hotel_credit,2025-10-25,139.96
M00842,purchase_protection,2026-07-01,79.14
M00842,travel_delay,2026-05-06,349.93
M00842,lounge_access,2025-10-20,49.59
M00843,travel_delay,2026-03-18,296.0
M00843,hotel_credit,2026-04-03,72.17
M00844,purchase_protection,2026-03-11,289.62
M00844,lounge_access,2025-08-11,52.29
M00844,hotel_credit,2025-07-25,92.26
M00845,purchase_protection,2026-04-25,80.71
M00845,travel_delay,2025-11-18,422.01
M00845,lounge_access,2026-03-16,56.69
M00845,hotel_credit,2025-10-10,106.99
M00846,extended_warranty,2025-11-08,181.33
M00848,purchase_protection,2026-06-21,147.66
M00848,lounge_access,2026-03-13,41.91
M00848,hotel_credit,2026-03-04,96.08
M00849,lounge_access,2026-06-13,69.4
M00850,purchase_protection,2025-09-06,46.15
M00851,purchase_protection,2025-11-05,51.56
M00851,extended_warranty,2026-03-21,87.59
M00851,dining_credit,2026-05-11,70.89
M00852,purchase_protection,2025-12-30,80.22
M00852,dining_credit,2026-06-25,91.19
M00854,purchase_protection,2026-07-19,158.23
M00854,travel_delay,2025-11-22,196.62
M00854,lounge_access,2026-02-27,67.88
M00855,extended_warranty,2025-12-29,47.63
M00855,hotel_credit,2026-02-24,291.27
M00856,purchase_protection,2026-05-27,61.87
M00856,extended_warranty,2026-04-19,342.89
M00856,travel_delay,2025-12-28,182.72
M00856,lounge_access,2026-06-09,46.88
M00856,hotel_credit,2026-04-29,161.78
M00857,purchase_protection,2026-06-21,129.56
M00857,extended_warranty,2025-09-08,211.09
M00858,purchase_protection,2026-01-16,231.89
M00858,dining_credit,2026-06-19,26.19
M00859,lounge_access,2026-03-22,50.18
M00860,purchase_protection,2025-12-28,251.74
M00860,travel_delay,2025-08-17,461.31
M00860,lounge_access,2026-04-09,47.22
M00860,hotel_credit,2026-02-26,129.17
M00861,purchase_protection,2026-01-26,60.44
M00861,extended_warranty,2026-03-20,169.46
M00862,extended_warranty,2026-02-01,305.85
M00862,hotel_credit,2026-06-03,117.4
M00863,extended_warranty,2026-03-06,263.29
M00863,hotel_credit,2026-04-26,279.72
M00864,extended_warranty,2026-05-07,159.95
M00864,dining_credit,2026-07-14,13.34
M00865,purchase_protection,2026-04-25,98.18
M00865,extended_warranty,2025-12-16,255.24
M00865,lounge_access,2026-01-11,59.65
M00867,extended_warranty,2025-08-30,287.04
M00867,dining_credit,2026-07-04,17.82
M00868,dining_credit,2026-04-08,38.31
M00869,extended_warranty,2026-03-22,70.66
M00870,extended_warranty,2026-05-01,102.63
M00870,lounge_access,2025-08-05,73.84
M00871,extended_warranty,2025-09-08,320.55
M00871,hotel_credit,2025-08-27,158.39
M00872,extended_warranty,2026-05-27,214.79
M00873,purchase_protection,2025-11-02,110.19
M00873,extended_warranty,2025-09-29,58.51
M00874,purchase_protection,2026-03-14,197.54
M00874,extended_warranty,2026-06-15,158.77
M00874,travel_delay,2026-02-17,67.99
M00875,purchase_protection,2026-04-22,128.06
M00875,lounge_access,2026-05-15,74.79
M00876,extended_warranty,2025-09-20,103.77
M00876,dining_credit,2026-04-18,62.6
M00877,purchase_protection,2026-04-08,118.49
M00877,travel_delay,2026-04-09,107.41
M00878,purchase_protection,2025-07-27,202.45
M00878,dining_credit,2025-08-05,93.15
M00879,purchase_protection,2025-11-16,110.33
M00879,extended_warranty,2026-06-17,95.29
M00880,extended_warranty,2025-11-06,149.92
M00881,purchase_protection,2026-02-02,136.26
M00883,lounge_access,2026-01-04,52.5
M00884,hotel_credit,2026-07-11,331.32
M00884,return_protection,2026-02-17,132.47
M00885,purchase_protection,2026-03-30,287.17
M00885,travel_delay,2026-07-16,451.58
M00885,lounge_access,2025-12-06,58.29
M00886,purchase_protection,2026-04-07,198.95
M00886,extended_warranty,2026-05-06,78.26
M00887,extended_warranty,2026-05-12,63.43
M00889,extended_warranty,2026-02-19,115.48
M00889,travel_delay,2026-05-23,78.89
M00889,hotel_credit,2026-07-10,155.63
M00890,extended_warranty,2025-08-16,100.93
M00891,extended_warranty,2025-09-02,142.74
M00893,purchase_protection,2026-01-03,217.36
M00893,extended_warranty,2025-12-27,218.9
M00893,travel_delay,2025-09-19,98.67
M00893,lounge_access,2025-08-03,71.92
M00893,hotel_credit,2025-09-18,103.55
M00894,purchase_protection,2025-08-05,142.54
M00896,dining_credit,2025-09-22,99.11
M00897,extended_warranty,2025-10-19,102.37
M00897,dining_credit,2026-02-20,92.46
M00898,purchase_protection,2025-09-15,37.62
M00898,travel_delay,2026-05-16,457.34
M00899,purchase_protection,2025-08-19,261.99
M00899,travel_delay,2025-08-04,490.47
M00899,lounge_access,2025-08-25,54.95
M00900,purchase_protection,2025-10-27,86.17
M00900,travel_delay,2026-02-17,172.03
M00901,purchase_protection,2025-10-25,162.15
M00901,dining_credit,2026-01-04,13.01
M00902,purchase_protection,2026-05-02,108.82
M00902,extended_warranty,2025-10-28,177.93
M00902,lounge_access,2026-05-07,64.65
M00902,hotel_credit,2026-01-18,376.72
M00902,return_protection,2026-03-04,97.95
M00903,lounge_access,2026-07-12,35.14
M00904,purchase_protection,2026-07-01,176.19
M00904,extended_warranty,2026-01-21,179.33
M00904,dining_credit,2026-04-21,55.15
M00905,purchase_protection,2025-09-24,117.84
M00905,travel_delay,2026-02-20,109.74
M00906,extended_warranty,2026-01-01,161.0
M00906,travel_delay,2026-06-15,395.65
M00907,purchase_protection,2026-07-19,225.87
M00907,lounge_access,2025-09-26,71.73
M00907,hotel_credit,2025-09-12,185.42
M00909,hotel_credit,2025-11-19,164.49
M00911,extended_warranty,2026-01-12,127.19
M00912,purchase_protection,2025-11-07,79.66
M00912,extended_warranty,2026-07-04,261.99
M00912,dining_credit,2026-03-11,86.13
M00913,purchase_protection,2025-08-26,131.5
M00913,lounge_access,2026-05-21,55.25
M00914,extended_warranty,2025-11-09,236.13
M00914,lounge_access,2025-09-19,36.88
M00916,purchase_protection,2025-10-23,175.96
M00916,extended_warranty,2026-05-10,182.56
M00916,lounge_access,2026-02-21,52.26
M00916,hotel_credit,2026-01-31,189.95
M00918,purchase_protection,2026-06-09,183.41
M00918,hotel_credit,2025-09-15,85.8
M00919,purchase_protection,2025-11-15,35.4
M00919,lounge_access,2025-11-30,43.94
M00920,extended_warranty,2025-09-30,209.4
M00920,travel_delay,2026-06-07,162.57
M00920,lounge_access,2026-02-01,53.51
M00921,purchase_protection,2025-08-02,104.82
M00921,extended_warranty,2026-05-16,223.8
M00922,lounge_access,2025-11-20,71.26
M00924,hotel_credit,2025-09-15,79.71
M00925,purchase_protection,2025-12-23,152.3
M00926,extended_warranty,2025-12-01,78.06
M00927,purchase_protection,2026-04-07,72.7
M00927,hotel_credit,2025-11-22,146.3
M00928,purchase_protection,2025-12-17,270.93
M00928,extended_warranty,2025-10-07,314.17
M00928,travel_delay,2025-10-29,127.47
M00928,lounge_access,2026-06-10,57.16
M00928,hotel_credit,2025-08-16,160.3
M00929,purchase_protection,2026-02-16,35.54
M00930,purchase_protection,2025-09-26,153.6
M00931,travel_delay,2025-10-08,485.47
M00932,extended_warranty,2026-03-03,120.34
M00933,purchase_protection,2026-04-08,176.01
M00933,dining_credit,2025-07-28,63.09
M00935,lounge_access,2026-05-05,57.59
M00936,dining_credit,2026-01-25,85.68
M00937,extended_warranty,2026-07-13,568.98
M00937,travel_delay,2026-02-21,189.31
M00937,hotel_credit,2026-01-31,142.95
M00937,return_protection,2025-10-03,65.04
M00938,purchase_protection,2026-02-15,245.94
M00938,lounge_access,2026-04-16,59.12
M00939,dining_credit,2026-04-11,16.0
M00940,purchase_protection,2025-08-31,176.38
M00940,extended_warranty,2025-09-28,54.49
M00940,hotel_credit,2025-09-08,149.03
M00941,purchase_protection,2025-12-10,128.88
M00941,extended_warranty,2026-06-02,76.22
M00942,travel_delay,2026-04-23,469.15
M00942,hotel_credit,2026-07-01,114.67
M00943,travel_delay,2025-08-29,235.07
M00945,dining_credit,2026-03-05,73.49
M00946,travel_delay,2025-10-26,203.63
M00947,purchase_protection,2025-09-22,247.9
M00947,dining_credit,2025-10-07,83.77
M00948,purchase_protection,2025-09-14,173.18
M00948,lounge_access,2025-11-17,70.13
M00948,hotel_credit,2025-10-27,104.76
M00949,lounge_access,2025-10-26,44.19
M00950,extended_warranty,2025-08-05,88.54
M00950,travel_delay,2025-10-24,418.74
M00951,extended_warranty,2026-04-01,580.3
M00952,purchase_protection,2025-11-09,236.19
M00952,hotel_credit,2026-01-01,128.03
M00952,return_protection,2025-10-29,108.89
M00954,extended_warranty,2025-07-28,223.23
M00955,hotel_credit,2026-07-17,78.96
M00956,extended_warranty,2026-04-20,240.81
M00958,extended_warranty,2025-11-11,216.38
M00958,dining_credit,2026-04-29,24.37
M00960,extended_warranty,2026-06-17,292.08
M00961,purchase_protection,2026-01-07,101.69
M00961,hotel_credit,2026-04-25,112.47
M00962,extended_warranty,2026-03-22,240.25
M00963,purchase_protection,2026-01-22,433.59
M00963,extended_warranty,2025-09-08,42.36
M00963,travel_delay,2025-08-28,402.69
M00963,hotel_credit,2025-08-05,168.75
M00963,return_protection,2026-05-20,165.88
M00964,purchase_protection,2025-08-30,128.75
M00964,extended_warranty,2025-12-29,232.39
M00964,dining_credit,2026-01-25,49.34
M00965,purchase_protection,2026-04-22,95.35
M00965,dining_credit,2026-03-13,45.04
M00966,extended_warranty,2026-01-15,63.65
M00967,purchase_protection,2025-11-23,147.7
M00967,extended_warranty,2025-08-20,323.24
M00968,extended_warranty,2026-03-31,222.71
M00968,hotel_credit,2026-06-06,180.24
M00969,extended_warranty,2026-01-05,491.82
M00969,travel_delay,2026-03-23,399.52
M00970,purchase_protection,2026-02-28,128.24
M00970,extended_warranty,2026-06-18,83.61
M00972,purchase_protection,2026-07-12,184.13
M00972,hotel_credit,2026-03-08,56.32
M00973,extended_warranty,2026-05-26,527.74
M00973,lounge_access,2026-03-28,97.34
M00973,hotel_credit,2026-04-03,266.29
M00974,extended_warranty,2026-02-13,244.14
M00976,purchase_protection,2026-03-30,224.89
M00977,extended_warranty,2026-07-10,152.22
M00978,purchase_protection,2026-06-24,36.94
M00978,extended_warranty,2025-08-30,102.25
M00979,dining_credit,2026-03-18,56.74
M00980,extended_warranty,2025-12-29,192.39
M00982,dining_credit,2025-11-08,53.02
M00983,purchase_protection,2026-03-20,244.03
M00983,dining_credit,2025-08-26,56.56
M00984,lounge_access,2026-02-13,66.3
M00985,extended_warranty,2026-02-09,243.27
M00985,hotel_credit,2025-10-30,153.65
M00986,lounge_access,2025-10-11,92.57
M00988,purchase_protection,2026-03-10,179.59
M00988,extended_warranty,2026-01-29,198.63
M00989,purchase_protection,2025-08-18,238.98
M00991,purchase_protection,2026-01-22,101.92
M00991,extended_warranty,2026-06-02,160.98
M00993,extended_warranty,2025-11-21,51.07
M00995,purchase_protection,2025-09-10,242.09
M00996,purchase_protection,2025-12-01,120.87
M00996,extended_warranty,2026-06-08,192.33
M00997,purchase_protection,2025-10-17,68.75
M00997,extended_warranty,2025-08-12,51.88
M00998,extended_warranty,2026-04-29,49.5
M00999,purchase_protection,2025-10-13,289.22
M00999,hotel_credit,2026-04-10,142.79
M01000,extended_warranty,2025-10-08,263.4
M01000,dining_credit,2025-07-28,82.06
M01001,extended_warranty,2026-01-27,199.04
M01001,hotel_credit,2025-09-17,151.89
M01002,extended_warranty,2026-01-23,130.22
M01003,travel_delay,2025-08-21,165.93
M01003,hotel_credit,2025-12-30,388.8
M01004,dining_credit,2026-05-17,31.86
M01005,purchase_protection,2026-02-14,67.41
M01006,purchase_protection,2025-12-03,190.96
M01008,extended_warranty,2026-07-16,48.18
M01008,travel_delay,2025-09-03,448.67
M01008,hotel_credit,2026-01-11,77.76
M01010,extended_warranty,2026-02-16,296.8
M01010,travel_delay,2026-05-05,363.75
M01010,lounge_access,2026-04-26,68.3
M01011,extended_warranty,2026-01-09,158.25
M01012,travel_delay,2026-04-18,326.39
M01013,purchase_protection,2026-02-17,229.0
M01014,travel_delay,2025-07-23,212.09
M01014,lounge_access,2026-04-22,51.51
M01015,purchase_protection,2026-04-02,63.63
M01015,dining_credit,2025-11-19,18.08
M01016,purchase_protection,2026-07-22,147.16
M01018,purchase_protection,2025-10-26,75.95
M01018,extended_warranty,2026-03-29,112.84
M01019,extended_warranty,2026-02-22,101.85
M01019,lounge_access,2026-02-05,66.61
M01020,purchase_protection,2025-10-27,119.34
M01021,extended_warranty,2025-09-03,95.71
M01022,purchase_protection,2026-04-01,43.12
M01022,lounge_access,2025-10-06,55.38
M01023,purchase_protection,2026-05-18,195.91
M01023,extended_warranty,2026-05-29,208.5
M01023,dining_credit,2026-04-21,77.26
M01025,lounge_access,2025-12-02,66.48
M01026,purchase_protection,2025-09-29,168.37
M01026,extended_warranty,2026-01-13,179.17
M01026,dining_credit,2026-04-13,15.44
M01027,purchase_protection,2025-10-13,147.75
M01028,dining_credit,2026-03-17,10.18
M01030,purchase_protection,2025-12-22,153.63
M01032,purchase_protection,2026-03-15,297.91
M01032,hotel_credit,2026-03-28,97.42
M01034,purchase_protection,2025-08-07,224.86
M01034,dining_credit,2025-11-30,40.05
M01035,purchase_protection,2025-10-06,236.25
M01035,hotel_credit,2026-02-06,128.9
M01037,extended_warranty,2026-03-01,182.15
M01037,dining_credit,2026-02-04,97.52
M01039,purchase_protection,2026-02-28,138.11
M01039,dining_credit,2026-02-11,48.68
M01041,purchase_protection,2026-05-21,139.02
M01041,dining_credit,2025-09-13,41.56
M01042,hotel_credit,2026-01-13,104.96
M01043,purchase_protection,2026-02-23,76.05
M01043,dining_credit,2025-08-02,27.72
M01044,purchase_protection,2026-04-08,43.61
M01044,extended_warranty,2025-11-17,300.15
M01046,purchase_protection,2025-12-13,231.11
M01046,dining_credit,2025-12-23,56.64
M01047,extended_warranty,2026-05-20,90.61
M01047,dining_credit,2026-03-28,45.64
M01048,purchase_protection,2025-07-29,410.64
M01049,dining_credit,2026-05-20,73.92
M01051,purchase_protection,2025-11-16,283.11
M01051,extended_warranty,2025-09-09,297.99
M01051,hotel_credit,2026-02-27,78.88
M01052,purchase_protection,2025-10-25,106.4
M01052,dining_credit,2026-04-22,84.18
M01054,extended_warranty,2026-03-17,532.71
M01054,lounge_access,2025-12-29,60.85
M01054,hotel_credit,2025-11-05,180.2
M01055,dining_credit,2025-09-22,18.88
M01056,purchase_protection,2025-10-11,235.78
M01058,lounge_access,2026-05-20,69.65
M01058,hotel_credit,2025-08-14,109.98
M01059,purchase_protection,2025-10-03,79.33
M01060,purchase_protection,2026-03-13,33.3
M01060,travel_delay,2025-08-03,310.87
M01060,hotel_credit,2026-02-01,132.09
M01060,return_protection,2025-11-17,143.48
M01061,dining_credit,2026-07-08,77.8
M01063,purchase_protection,2026-03-21,148.99
M01063,lounge_access,2026-07-05,49.93
M01065,extended_warranty,2026-07-17,272.95
M01066,purchase_protection,2025-09-24,192.6
M01066,lounge_access,2025-08-29,55.65
M01066,hotel_credit,2025-09-23,137.65
M01067,purchase_protection,2025-07-26,203.37
M01067,extended_warranty,2025-10-29,45.59
M01068,purchase_protection,2025-08-07,80.45
M01069,purchase_protection,2025-12-22,80.06
M01069,extended_warranty,2026-05-07,386.07
M01069,hotel_credit,2025-10-20,118.74
M01069,return_protection,2026-01-21,165.32
M01070,extended_warranty,2025-12-18,161.78
M01070,dining_credit,2025-08-10,74.54
M01071,purchase_protection,2025-07-27,101.91
M01072,extended_warranty,2025-12-17,313.3
M01074,purchase_protection,2025-11-30,72.61
M01074,lounge_access,2026-07-17,59.99
M01075,extended_warranty,2025-10-07,84.0
M01075,travel_delay,2025-10-25,138.96
M01076,purchase_protection,2026-04-20,184.71
M01076,hotel_credit,2025-10-08,89.68
M01077,extended_warranty,2026-02-24,144.14
M01078,purchase_protection,2026-05-05,254.81
M01078,extended_warranty,2026-05-15,264.74
M01078,travel_delay,2026-03-20,366.35
M01078,hotel_credit,2025-12-01,171.17
M01080,purchase_protection,2025-08-30,82.6
M01080,dining_credit,2026-04-02,61.32
M01081,purchase_protection,2026-01-09,195.5
M01081,extended_warranty,2025-12-30,193.23
M01082,extended_warranty,2026-06-11,96.25
M01084,extended_warranty,2026-02-09,286.72
M01086,dining_credit,2026-04-12,62.34
M01087,purchase_protection,2026-06-12,83.45
M01087,hotel_credit,2026-06-17,71.83
M01088,extended_warranty,2026-07-05,279.97
M01088,dining_credit,2025-10-04,66.89
M01089,extended_warranty,2025-12-16,254.78
M01089,dining_credit,2026-06-14,99.39
M01090,purchase_protection,2026-03-10,489.71
M01090,extended_warranty,2025-10-15,193.5
M01090,lounge_access,2026-03-02,51.6
M01091,extended_warranty,2026-02-06,175.0
M01092,travel_delay,2025-10-09,361.83
M01092,hotel_credit,2025-08-31,186.72
M01095,purchase_protection,2026-05-08,256.71
M01095,lounge_access,2025-12-12,71.96
M01095,hotel_credit,2025-12-07,173.64
M01096,travel_delay,2025-12-01,353.22
M01097,extended_warranty,2026-04-16,343.05
M01097,lounge_access,2026-01-02,50.8
M01097,hotel_credit,2026-05-31,133.1
M01098,extended_warranty,2025-08-02,108.75
M01099,lounge_access,2025-08-05,73.43
M01101,purchase_protection,2026-06-09,102.34
M01101,dining_credit,2025-10-06,31.07
M01103,lounge_access,2026-05-16,48.52
M01104,travel_delay,2026-05-07,325.38
M01105,extended_warranty,2025-09-06,286.42
M01105,travel_delay,2025-09-22,326.28
M01106,travel_delay,2025-12-07,109.57
M01106,lounge_access,2026-04-23,62.49
M01106,hotel_credit,2026-07-07,108.24
M01107,purchase_protection,2026-07-07,250.33
M01107,return_protection,2026-05-28,158.57
M01108,purchase_protection,2025-08-12,299.91
M01108,travel_delay,2026-07-19,320.61
M01109,purchase_protection,2026-06-29,228.86
M01111,purchase_protection,2025-10-18,162.59
M01111,dining_credit,2025-10-25,68.79
M01112,lounge_access,2026-06-26,35.98
M01113,purchase_protection,2026-06-20,166.94
M01114,purchase_protection,2025-12-11,143.24
M01114,dining_credit,2026-01-09,42.46
M01115,purchase_protection,2026-01-02,219.35
M01115,extended_warranty,2025-12-05,305.81
M01115,travel_delay,2026-02-02,137.67
M01116,purchase_protection,2026-07-08,191.87
M01116,extended_warranty,2026-01-20,195.77
M01117,extended_warranty,2026-02-01,212.69
M01118,extended_warranty,2026-01-15,75.1
M01118,travel_delay,2026-06-15,136.98
M01118,hotel_credit,2025-10-04,151.42
M01119,purchase_protection,2025-11-30,266.8
M01120,lounge_access,2026-02-05,70.23
M01121,return_protection,2026-01-02,71.62
M01122,extended_warranty,2025-10-18,81.34
M01122,travel_delay,2025-10-30,436.66
M01122,hotel_credit,2025-10-28,121.57
M01123,extended_warranty,2026-02-18,63.3
M01123,hotel_credit,2026-02-15,112.79
M01124,purchase_protection,2025-11-08,71.42
M01124,hotel_credit,2026-03-10,148.48
M01125,extended_warranty,2025-09-17,42.93
M01127,extended_warranty,2026-01-16,346.79
M01127,hotel_credit,2026-07-13,160.4
M01128,purchase_protection,2026-01-15,30.32
M01128,extended_warranty,2025-10-27,56.17
M01128,dining_credit,2025-11-10,46.87
M01129,dining_credit,2025-12-28,53.38
M01130,lounge_access,2026-05-12,54.71
M01131,purchase_protection,2026-07-05,222.92
M01131,extended_warranty,2025-09-05,71.21
M01132,extended_warranty,2026-04-03,247.49
M01133,dining_credit,2026-03-25,48.56
M01134,travel_delay,2025-09-28,60.07
M01135,purchase_protection,2025-08-23,187.34
M01135,lounge_access,2025-07-24,55.71
M01138,purchase_protection,2025-11-08,201.69
M01138,travel_delay,2026-03-14,225.86
M01139,purchase_protection,2026-05-02,195.99
M01140,travel_delay,2026-06-03,131.18
M01141,dining_credit,2026-01-27,46.46
M01143,extended_warranty,2025-08-05,182.59
M01144,purchase_protection,2025-12-03,145.14
M01144,dining_credit,2025-09-26,19.47
M01145,purchase_protection,2026-03-22,211.95
M01145,extended_warranty,2025-12-15,289.03
M01145,travel_delay,2025-11-30,304.44
M01145,lounge_access,2025-08-27,74.44
M01146,lounge_access,2026-02-12,61.83
M01146,hotel_credit,2025-12-14,106.68
M01147,lounge_access,2026-03-01,49.75
M01148,purchase_protection,2026-07-12,235.47
M01148,extended_warranty,2026-03-04,206.58
M01148,dining_credit,2026-05-14,85.24
M01149,extended_warranty,2025-09-23,61.44
M01150,purchase_protection,2026-06-29,189.54
M01150,extended_warranty,2026-01-04,149.26
M01151,purchase_protection,2026-05-25,191.55
M01151,travel_delay,2025-08-18,203.13
M01153,purchase_protection,2025-10-06,87.98
M01157,extended_warranty,2026-03-17,255.57
M01158,purchase_protection,2025-08-06,250.93
M01158,extended_warranty,2025-09-10,325.13
M01159,extended_warranty,2025-07-28,279.12
M01160,purchase_protection,2025-10-12,238.89
M01160,extended_warranty,2025-12-24,263.58
M01160,dining_credit,2026-06-10,53.92
M01161,extended_warranty,2026-06-29,83.04
M01162,purchase_protection,2026-06-08,220.07
M01162,extended_warranty,2025-07-28,174.29
M01162,travel_delay,2025-12-09,489.71
M01162,lounge_access,2026-01-15,69.96
M01162,hotel_credit,2025-07-25,67.74
M01163,purchase_protection,2026-02-01,197.58
M01163,extended_warranty,2025-07-23,95.84
M01164,extended_warranty,2026-07-08,192.12
M01164,hotel_credit,2026-03-31,197.02
M01165,extended_warranty,2026-05-10,189.39
M01165,dining_credit,2025-07-26,42.86
M01167,extended_warranty,2026-03-30,57.38
M01167,travel_delay,2026-07-09,174.48
M01168,extended_warranty,2025-12-04,66.57
M01170,extended_warranty,2026-07-12,40.27
M01172,purchase_protection,2025-09-10,123.43
M01172,dining_credit,2026-03-22,96.5
M01173,extended_warranty,2026-05-10,150.66
M01173,dining_credit,2026-01-16,49.65
M01174,purchase_protection,2026-03-18,129.1
M01174,extended_warranty,2025-08-29,49.71
M01174,dining_credit,2026-05-23,27.54
M01175,lounge_access,2025-12-03,43.81
M01176,extended_warranty,2026-02-25,70.65
M01177,purchase_protection,2025-11-23,111.03
M01178,hotel_credit,2026-04-20,65.79
M01179,extended_warranty,2026-06-25,135.25
M01180,purchase_protection,2026-07-22,270.93
M01180,travel_delay,2026-06-15,453.04
M01180,lounge_access,2025-09-08,38.78
M01181,travel_delay,2025-12-15,202.95
M01181,lounge_access,2026-04-20,66.13
M01182,purchase_protection,2026-02-12,100.95
M01182,extended_warranty,2026-01-30,148.27
M01182,dining_credit,2025-10-01,99.99
M01183,extended_warranty,2026-01-31,320.35
M01183,travel_delay,2025-09-04,430.07
M01185,purchase_protection,2025-12-31,60.41
M01186,extended_warranty,2025-11-20,573.47
M01186,hotel_credit,2026-03-30,120.21
M01187,travel_delay,2025-11-20,286.03
M01188,hotel_credit,2026-07-20,91.44
M01189,lounge_access,2025-10-18,73.36
M01189,hotel_credit,2025-09-09,63.73
M01190,purchase_protection,2026-04-22,127.8
M01190,extended_warranty,2025-09-25,238.36
M01190,travel_delay,2025-11-23,272.35
M01195,purchase_protection,2026-01-14,114.23
M01196,extended_warranty,2025-08-16,278.39
M01196,hotel_credit,2026-04-07,91.32
M01197,travel_delay,2025-11-01,372.3
M01198,extended_warranty,2026-05-24,594.99
M01198,travel_delay,2026-02-09,467.85
M01198,hotel_credit,2025-07-28,235.44
M01198,return_protection,2025-10-30,185.89
